"","Local.Authority.District.code..2019.","Local.Authority.District.name..2019.","Barriers.to.Housing.and.Services...Average.rank","Barriers.to.Housing.and.Services...Rank.of.average.rank","Barriers.to.Housing.and.Services...Average.score","Barriers.to.Housing.and.Services...Rank.of.average.score","Barriers.to.Housing.and.Services...Proportion.of.LSOAs.in.most.deprived.10..nationally","Barriers.to.Housing.and.Services...Rank.of.proportion.of.LSOAs.in.most.deprived.10..nationally","Crime...Average.rank","Crime...Rank.of.average.rank","Crime...Average.score","Crime...Rank.of.average.score","Crime...Proportion.of.LSOAs.in.most.deprived.10..nationally","Crime...Rank.of.proportion.of.LSOAs.in.most.deprived.10..nationally","Education..Skills.and.Training...Average.rank.","Education..Skills.and.Training...Rank.of.average.rank.","Education..Skills.and.Training...Average.score.","Education..Skills.and.Training...Rank.of.average.score.","Education..Skills.and.Training...Proportion.of.LSOAs.in.most.deprived.10..nationally","Education..Skills.and.Training...Rank.of.proportion.of.LSOAs.in.most.deprived.10..nationally","Employment...Average.rank","Employment...Rank.of.average.rank","Employment...Average.score","Employment...Rank.of.average.score","Employment...Proportion.of.LSOAs.in.most.deprived.10..nationally","Employment...Rank.of.proportion.of.LSOAs.in.most.deprived.10..nationally","Employment.scale","Rank.of.Employment.Scale","Health.Deprivation.and.Disability...Average.rank","Health.Deprivation.and.Disability...Rank.of.average.rank","Health.Deprivation.and.Disability...Average.score","Health.Deprivation.and.Disability...Rank.of.average.score","Health.Deprivation.and.Disability...Proportion.of.LSOAs.in.most.deprived.10..nationally","Health.Deprivation.and.Disability...Rank.of.proportion.of.LSOAs.in.most.deprived.10..nationally","Income...Average.rank","Income...Rank.of.average.rank","Income...Average.score","Income...Rank.of.average.score","Income...Proportion.of.LSOAs.in.most.deprived.10..nationally","Income...Rank.of.proportion.of.LSOAs.in.most.deprived.10..nationally","Income.scale","Rank.of.Income.Scale","Living.Environment...Average.rank","Living.Environment...Rank.of.average.rank","Living.Environment...Average.score","Living.Environment...Rank.of.average.score","Living.Environment...Proportion.of.LSOAs.in.most.deprived.10..nationally","Living.Environment...Rank.of.proportion.of.LSOAs.in.most.deprived.10..nationally"
"1","E06000001","Hartlepool",9407.74,284,14.242,283,0,250,"22,855.72",27,0.566,25,0.3276,14,"19,980.79",77,30.255,51,0.2069,38,24902.51,5,0.185,4,0.431,5,9715.25,111,25806.04,21,0.869,16,0.3621,16,23509.14,16,0.228,5,0.3793,7,21084,110,5359.48,307,6.943,307,0,251
"2","E06000002","Middlesbrough",9341.76,286,14.183,284,0,250,"23,671.36",20,0.701,15,0.4535,3,"22,111.75",36,38.85,8,0.3953,3,25231.38,4,0.191,3,0.4884,2,15542.5,62,27603.83,9,1.194,6,0.5698,4,23950.79,9,0.251,1,0.5,1,34959,59,10453.74,262,12.929,259,0,251
"3","E06000003","Redcar and Cleveland",9611.85,283,14.139,286,0,250,"18,035.47",98,0.138,99,0.1364,58,"18,997.48",102,27.768,73,0.1932,46,23809.65,17,0.165,8,0.3295,12,12291,86,25339.55,26,0.79,27,0.3523,18,20604.49,50,0.186,28,0.2614,24,25142,96,5891.43,306,7.793,306,0.0114,235
"4","E06000004","Stockton-on-Tees",11053.82,264,15.87,264,0.0167,219,"14,933.36",156,-0.111,154,0.1,84,"16,899.44",139,24.786,111,0.1667,61,20104.05,67,0.135,45,0.2083,39,15089.25,64,23468.75,48,0.684,36,0.2833,28,18291.93,99,0.164,51,0.2167,33,31750,74,4538.17,312,6.007,311,0,251
"5","E06000005","Darlington",7041.46,306,11.942,306,0.0308,199,"22,802.29",30,0.558,26,0.2923,20,"18,401.65",114,27.402,76,0.2,42,20134.54,65,0.128,52,0.1846,52,7637.5,132,22510.99,61,0.532,57,0.2462,35,18361.47,94,0.153,69,0.1846,41,16208,133,7148.04,300,8.8,301,0,251
"6","E06000006","Halton",11677.09,255,16.214,259,0,250,"19,691.22",76,0.272,76,0.1392,57,"20,397.50",70,29.565,56,0.1772,54,23010.08,26,0.158,15,0.3671,8,11496.75,94,26124.67,17,0.93,14,0.4557,9,20664.75,48,0.185,30,0.2911,15,23382,101,15494.02,147,19.914,139,0.0759,116
"7","E06000007","Warrington",12659.66,243,17.152,247,0,250,"14,828.34",158,-0.137,159,0.0472,129,"14,286.38",205,18.671,167,0.1024,103,16016.94,148,0.097,124,0.1024,86,11520.25,93,19607.66,92,0.278,88,0.126,70,14196.32,179,0.109,154,0.063,116,22389,107,13631.09,190,17.006,185,0.0472,150
"8","E06000008","Blackburn with Darwen",7292.66,305,12.312,304,0,250,"21,336.20",56,0.409,54,0.1648,46,"22,371.92",29,34.512,26,0.2637,21,23750.74,18,0.162,11,0.3297,11,13778,75,27069.88,11,1.049,10,0.5055,7,23232.88,18,0.212,10,0.3297,10,31358,75,22244.92,47,32.083,44,0.2637,28
"9","E06000009","Blackpool",6680.23,308,11.804,308,0,250,"24,196.98",16,0.815,8,0.3617,10,"24,559.38",8,38.502,9,0.2553,24,26469.69,2,0.209,1,0.4362,4,16531.5,59,30541.27,1,1.643,1,0.6702,1,25404.24,1,0.247,3,0.3617,8,34610,61,26050.57,15,39.531,12,0.4043,14
"10","E06000010","Kingston upon Hull, City of",16632.8,159,21.108,167,0.0422,183,"25,816.06",7,0.841,6,0.3373,13,"24,831.65",4,41.672,4,0.4157,2,23632.4,20,0.166,7,0.4277,6,26260.5,14,25788.25,23,0.853,20,0.3916,15,23888.21,11,0.227,6,0.4217,4,58544,14,23974.9,31,34.324,32,0.2892,26
"11","E06000011","East Riding of Yorkshire",14202.17,212,19.842,194,0.119,97,"10,256.91",233,-0.542,242,0.0429,133,"14,590.27",198,17.434,193,0.0571,154,14008.23,184,0.085,165,0.0571,120,15064.25,65,11412.01,200,-0.39,197,0.0333,123,12770.49,212,0.096,194,0.0476,133,32028,72,13940.83,182,17.541,178,0.0571,139
"12","E06000012","North East Lincolnshire",8431.98,296,13.386,294,0.0189,217,"20,941.56",59,0.484,38,0.3679,9,"21,954.17",41,35.861,18,0.2925,13,21132.26,49,0.145,31,0.2453,34,13005.25,81,20706.58,78,0.38,72,0.1509,63,20546.95,53,0.19,26,0.283,16,30262,79,18586.19,92,26.35,73,0.1792,51
"13","E06000013","North Lincolnshire",10015.7,280,14.96,278,0.0495,166,"17,341.69",118,0.111,104,0.1287,66,"20,176.24",76,28.419,64,0.1782,53,19190.9,80,0.109,88,0.0594,118,10362.5,105,19260.29,96,0.233,93,0.1089,78,17832.42,108,0.133,106,0.0792,100,22508,105,13016.76,201,15.331,207,0,251
"14","E06000014","York",11183.05,261,15.871,263,0.0083,237,"8,006.47",272,-0.816,286,0,201,"12,532.77",238,15.698,216,0.0667,139,9279.58,273,0.058,265,0.0083,198,7373.75,136,12526.93,185,-0.316,187,0.0083,165,9675.34,270,0.072,259,0,201,14712,147,14843.97,161,18.292,168,0.0417,158
"15","E06000015","Derby",15747.45,175,19.864,192,0,250,"15,492.88",144,-0.105,151,0.0331,153,"20,418.97",69,33.417,30,0.2715,20,19201.98,78,0.115,73,0.0927,92,17024,54,22566.67,60,0.526,58,0.1854,50,19161.24,75,0.158,59,0.1788,45,40078,49,16361.82,131,21.078,129,0.0728,118
"16","E06000016","Leicester",11681.6,254,16.433,254,0,250,"22,146.30",41,0.484,37,0.224,32,"23,631.94",15,37.277,14,0.2969,12,20136.3,64,0.119,67,0.151,62,25511.25,16,23401.56,49,0.594,49,0.2083,45,23512.89,15,0.196,18,0.2552,26,67303,10,20368.73,70,25.981,78,0.0833,108
"17","E06000017","Rutland",16587.75,160,23.583,115,0.2609,27,"3,559.10",313,-1.205,311,0,201,"8,232.66",300,7.826,303,0,243,7770.15,294,0.049,296,0,209,951.75,315,4403.93,302,-1.048,295,0,173,7831.38,298,0.056,303,0,201,2089,315,12874.63,202,15.669,202,0,251
"18","E06000018","Nottingham",19298.19,86,23.586,114,0.0549,161,"22,092.52",43,0.438,48,0.1538,49,"23,807.38",14,37.51,12,0.3132,10,21060.03,51,0.136,44,0.3077,15,28510,10,26350.87,14,0.861,18,0.3022,24,22803.53,21,0.199,17,0.3022,12,63228,11,22811.7,45,29.791,49,0.1099,84
"19","E06000019","Herefordshire, County of",19597.93,78,26.817,52,0.2586,28,"9,163.62",251,-0.612,255,0,201,"16,804.13",142,20.465,142,0.0603,146,14542.37,172,0.08,176,0.0172,172,8191,127,12386.52,188,-0.312,186,0,173,14528.69,174,0.098,187,0.0172,178,18435,123,23065.62,42,34.71,28,0.3793,16
"20","E06000020","Telford and Wrekin",15169.87,186,19.797,196,0.0278,202,"18,532.64",93,0.19,92,0.1296,65,"19,425.58",88,27.926,69,0.1944,45,19582.68,71,0.12,65,0.1852,51,11956.25,90,21956.77,64,0.446,64,0.1667,55,19377.34,70,0.156,63,0.1759,46,26637,91,7721.71,293,9.424,296,0.0093,243
"21","E06000021","Stoke-on-Trent",10863.12,269,15.555,269,0,250,"22,608.27",34,0.504,34,0.2201,33,"24,769.81",5,38.935,7,0.3208,7,23748.23,19,0.152,22,0.3082,14,22338.5,24,27741.3,8,1.037,11,0.4277,12,22407.23,25,0.19,25,0.283,16,47776,35,18180.57,98,23.446,103,0.0881,100
"22","E06000022","Bath and North East Somerset",11777.7,253,16.763,248,0.0261,205,"13,055.50",196,-0.279,195,0.0087,197,"11,553.29",253,14.043,236,0.0609,143,10676.1,247,0.063,244,0.0087,196,6957.5,146,8769.4,246,-0.668,251,0.0087,164,10994.95,241,0.079,238,0.0087,196,14389,151,11269.14,246,13.986,241,0.0087,244
"23","E06000023","Bristol, City of",19266.5,87,23.624,113,0.0342,194,"25,522.93",8,0.756,10,0.308,19,"18,030.07",122,27.137,80,0.1901,48,16513.24,137,0.102,105,0.1255,78,29585.5,9,20208.43,85,0.322,82,0.1293,68,17466.94,113,0.141,92,0.1293,67,63150,12,18247.66,96,22.596,111,0.0304,175
"24","E06000024","North Somerset",13627.32,230,18.52,228,0.037,189,"14,037.32",173,-0.164,171,0.0667,106,"14,286.77",204,16.945,200,0.0519,164,14344.49,176,0.09,150,0.0963,90,10093,108,12936.88,183,-0.263,180,0.0519,107,13176.1,203,0.101,180,0.0593,121,20999,111,7683.28,295,9.682,292,0.0074,247
"25","E06000025","South Gloucestershire",14935.42,191,19.871,191,0.0424,181,"13,566.69",184,-0.222,183,0.0121,190,"15,758.35",166,18.385,172,0.0364,184,10587.39,249,0.062,246,0,209,9765,110,6975.99,271,-0.813,268,0,173,10539.23,255,0.074,253,0,201,19953,115,7386.44,298,9.496,295,0.0242,187
"26","E06000026","Plymouth",13754.15,227,18.139,233,0,250,"16,113.51",130,-0.051,137,0.0994,85,"19,189.22",96,25.623,100,0.1242,89,20866.95,53,0.128,53,0.1925,46,19941,41,24155.21,41,0.666,38,0.2298,37,18863.91,83,0.148,76,0.1242,69,38666,53,19233.78,79,25.786,79,0.1677,54
"27","E06000027","Torbay",16132.54,166,20.512,180,0.0112,232,"16,344.95",126,0.028,122,0.1124,73,"20,314.64",73,25.498,102,0.0787,129,23868.29,15,0.15,26,0.1685,58,10383.25,103,22765.84,58,0.504,60,0.1236,71,22329.6,27,0.174,39,0.1124,73,23159,102,16164.72,134,21.199,128,0.1011,89
"28","E06000030","Swindon",14488.82,206,19.022,216,0.0076,241,"18,875.41",88,0.209,84,0.1515,51,"18,371.34",115,24.621,113,0.1212,91,13535.04,193,0.082,173,0.0606,116,10565.25,100,16380.3,133,0.007,132,0.0606,101,14512.85,175,0.109,153,0.0606,118,23717,100,11548.37,238,14.221,231,0.0227,192
"29","E06000031","Peterborough",21809.4,41,26.749,54,0.1339,82,"22,746.52",32,0.523,30,0.2768,21,"22,221.22",31,34.571,25,0.2768,19,19453.78,73,0.112,83,0.125,79,12593.5,84,21706.05,65,0.413,70,0.0804,90,20203.16,59,0.156,64,0.1071,77,29922,80,14342.83,172,17.397,181,0.0268,183
"30","E06000032","Luton",25207.63,22,30.233,25,0.1322,85,"21,514.19",53,0.392,58,0.0496,126,"21,627.92",45,27.432,75,0.0165,216,18223.81,98,0.1,115,0.0248,154,12751,83,20272.49,83,0.294,85,0.0496,110,20659.41,49,0.155,66,0.0744,104,33043,69,17987.15,102,22.093,120,0.0165,215
"31","E06000033","Southend-on-Sea",13278.73,233,17.644,239,0,250,"18,668.61",92,0.203,86,0.0748,100,"19,087.92",100,25.052,108,0.0841,123,18477.73,94,0.111,85,0.1215,80,11340.75,96,17092.3,124,0.062,122,0.1028,83,18351.8,95,0.144,85,0.1215,71,25786,93,13950.93,181,17.07,184,0,251
"32","E06000034","Thurrock",19639.61,76,24.22,95,0.0714,147,"19,973.97",75,0.284,73,0.1122,74,"22,495.05",24,30.002,54,0.0816,124,16034.71,146,0.088,159,0.0204,161,8686.5,118,13470.6,173,-0.234,173,0,173,17817.43,109,0.13,108,0.051,129,21484,109,13567.69,191,16.481,194,0.0306,174
"33","E06000035","Medway",14653.81,200,19.252,211,0.0245,210,"22,630.51",33,0.555,27,0.227,31,"21,197.40",55,28.026,68,0.1104,99,18225,97,0.105,98,0.0798,100,16914,55,17468.65,117,0.075,119,0.0429,112,17884.81,106,0.134,103,0.0859,93,36692,56,19142.26,84,25.313,81,0.1472,63
"34","E06000036","Bracknell Forest",21219.7,51,25.882,60,0.08,140,"6,719.35",288,-0.856,290,0,201,"14,902.95",188,17.048,197,0,243,8504.39,282,0.053,283,0,209,3773.75,254,6581.54,273,-0.907,278,0,173,9679.85,269,0.068,271,0,201,7991,258,3298.11,316,4.595,315,0,251
"35","E06000037","West Berkshire",15809.39,174,21.001,168,0.0928,124,"8,333.28",265,-0.665,266,0,201,"12,347.83",243,13.476,242,0.0103,235,8488.67,284,0.053,284,0,209,4686.5,212,6177.08,282,-0.888,275,0,173,9054.6,281,0.064,281,0,201,10063,214,11857.59,230,15.225,212,0.0412,160
"36","E06000038","Reading",22569.26,34,27.441,43,0.0928,124,"17,778.12",104,0.092,108,0.0619,111,"16,151.32",157,20.993,135,0.0928,114,13188.07,200,0.074,200,0.0103,190,7637,133,16318.04,134,-0.034,137,0.0103,159,15918.9,141,0.114,140,0.0309,161,18424,124,17630.72,113,22.108,119,0.0619,132
"37","E06000039","Slough",28479.21,8,36.28,8,0.5125,7,"21,892.70",49,0.412,51,0.0875,92,"17,854.57",126,19.963,148,0,243,15169.95,165,0.08,180,0,209,7073,142,18598.31,100,0.147,104,0.0125,155,18901.64,82,0.126,119,0,201,18340,125,18695.34,89,22.387,117,0,251
"38","E06000040","Windsor and Maidenhead",13976.19,217,18.834,222,0.0225,212,"10,325.37",232,-0.478,231,0,201,"8,547.42",295,9.133,292,0,243,6772.66,308,0.046,307,0,209,3817.75,251,5594.08,287,-1.033,290,0,173,7767.22,299,0.058,294,0,201,8504,248,11732.7,235,14.079,236,0.0112,236
"39","E06000041","Wokingham",17766.01,133,22.581,139,0.0303,201,"5,309.27",301,-0.981,300,0,201,"6,139.71",311,6.223,311,0,243,4714.7,315,0.038,315,0,209,3504.25,261,2117.39,315,-1.545,315,0,173,5226.31,315,0.044,315,0,201,7058,271,5125.85,309,6.522,310,0,251
"40","E06000042","Milton Keynes",24694.55,23,30.625,23,0.1842,52,"14,700.06",163,-0.137,158,0.0197,174,"15,626.59",169,19.205,157,0.0592,150,13342.08,196,0.078,185,0.0526,124,12244,87,14430.96,162,-0.158,161,0.0263,132,15461.13,152,0.111,148,0.0526,126,29105,84,8524.7,286,10.265,288,0.0066,248
"41","E06000043","Brighton and Hove",19052.88,93,23.287,124,0.0364,190,"15,058.96",150,-0.066,144,0.0667,106,"14,074.03",211,18.639,169,0.0909,117,15857.35,153,0.094,132,0.0909,94,17791.5,50,17220.91,121,0.097,114,0.103,82,16683.4,120,0.123,126,0.0909,89,34773,60,19058.33,87,24.849,89,0.0848,106
"42","E06000044","Portsmouth",16932.78,151,21.275,164,0.016,221,"23,830.88",18,0.652,19,0.264,23,"19,910.72",79,27.706,74,0.168,60,15756.09,155,0.09,153,0.08,99,11989.5,89,19649.46,90,0.27,91,0.104,80,17877.26,107,0.134,104,0.096,87,28145,85,27964.03,5,43.313,4,0.496,4
"43","E06000045","Southampton",15309.49,184,19.667,199,0.0068,244,"26,616.97",3,0.881,4,0.3986,6,"19,391.77",90,26.939,81,0.1622,66,15933.71,149,0.093,138,0.0811,98,14786,68,23108.41,56,0.541,55,0.1554,59,18059.66,104,0.135,100,0.0878,91,33175,68,24428.06,27,32.666,37,0.1351,75
"44","E06000046","Isle of Wight",13733,228,18.731,224,0.0449,175,"13,865.10",176,-0.2,176,0.0112,191,"20,902.84",61,26.09,93,0.0562,158,21796.66,44,0.124,56,0.0674,114,8808.5,117,17747.7,114,0.084,117,0,173,19498.99,65,0.138,96,0.0337,157,19078,117,21066.86,59,28.693,55,0.191,46
"45","E06000047","County Durham",9274.15,288,14.094,288,0.0093,235,"19,540.73",79,0.26,78,0.1451,56,"18,898.19",105,24.986,109,0.0926,115,22311.99,35,0.143,35,0.2469,32,42610,5,24772.63,32,0.71,32,0.2531,34,20549.36,52,0.165,49,0.1265,68,85255,7,4151.83,313,5.681,313,0.0123,228
"46","E06000049","Cheshire East",13981.41,216,19.367,209,0.0726,146,"11,811.86",209,-0.382,212,0.0385,145,"11,424.87",256,14.428,233,0.0385,181,12560.85,210,0.075,196,0.0214,159,15381,63,14115.07,169,-0.186,169,0.0385,116,11031.5,240,0.083,226,0.0085,197,30843,77,13490.07,194,17.689,175,0.0812,113
"47","E06000050","Cheshire West and Chester",11208.81,260,16.288,257,0.0377,185,"12,973.78",197,-0.284,196,0.0283,161,"13,573.54",217,18.227,179,0.1085,101,15677.96,157,0.095,127,0.0991,89,17889,49,17298.04,120,0.089,116,0.1038,81,13927.46,189,0.108,159,0.0802,99,36002,57,15112.87,157,18.849,158,0.033,171
"48","E06000051","Shropshire",18718.35,102,25.498,68,0.2435,30,"9,485.40",246,-0.576,247,0,201,"15,168.47",182,17.851,184,0.057,156,14280.63,178,0.078,187,0.0104,189,13177.75,78,11956.84,192,-0.348,191,0,173,14159.78,182,0.096,193,0.0155,183,29749,81,19793.08,76,28.49,59,0.2383,32
"49","E06000052","Cornwall",19195.78,91,24.726,84,0.1534,70,"8,140.28",270,-0.713,270,0.0061,200,"16,629.06",145,19.031,160,0.0337,188,19392.6,74,0.108,90,0.0675,113,31676.25,8,17153.84,122,0.054,124,0.0337,122,18630.49,88,0.13,107,0.0491,132,71270,8,24818.85,23,39.931,11,0.4816,6
"50","E06000053","Isles of Scilly",16877,153,20.576,179,0,250,"5,765.00",295,-0.778,282,0,201,"10,656.00",268,9.671,287,0,243,523,317,0.019,317,0,209,24.75,317,29,317,-2.625,317,0,173,1920,317,0.029,317,0,201,68,317,32647,1,66.667,1,1,1
"51","E06000054","Wiltshire",19001.73,95,24.622,85,0.1404,76,"9,875.94",240,-0.532,238,0.007,199,"14,285.74",206,16.99,198,0.0456,171,11283.51,235,0.065,233,0.007,201,17583.25,52,9250.61,235,-0.587,235,0,173,11292.46,237,0.078,241,0.0035,200,37853,54,13712.28,187,17.66,176,0.0596,137
"52","E06000055","Bedford",19576.86,79,24.837,80,0.1359,80,"15,145.33",149,-0.116,155,0.0388,144,"15,738.36",167,19.05,159,0.0194,206,15685.81,156,0.09,149,0.0388,136,8616.5,120,14774.97,158,-0.119,155,0.068,98,15675.57,149,0.114,141,0.0388,144,18866,119,15995.99,137,19.761,143,0.0194,204
"53","E06000056","Central Bedfordshire",15670.04,177,20.636,177,0.0701,152,"13,370.22",190,-0.235,189,0.051,125,"15,077.26",183,17.131,196,0.0382,182,9836.47,262,0.059,257,0.0064,205,9342,113,7926.04,260,-0.712,257,0,173,10828.85,247,0.077,247,0,201,20763,113,12138.66,221,14.341,229,0.0064,249
"54","E06000057","Northumberland",16010.05,168,21.846,151,0.1421,74,"14,838.02",157,-0.139,161,0.132,63,"16,673.14",144,22.596,125,0.132,85,18691.73,88,0.118,69,0.1624,60,20146.25,39,18499.18,104,0.189,100,0.0863,87,16123.52,136,0.126,115,0.1066,78,39714,50,6810.88,302,10.01,289,0.0711,121
"55","E06000058","Bournemouth, Christchurch and Poole",16741.63,157,21.138,166,0.0215,214,"15,058.29",151,-0.108,153,0.0515,124,"15,924.24",164,19.384,155,0.0558,159,16279.33,141,0.091,145,0.0386,137,20349,38,16022.31,140,-0.039,139,0.0343,121,15899.16,142,0.112,146,0.0343,154,43490,42,14412.82,170,17.888,172,0.03,176
"56","E06000059","Dorset",19156.56,92,25.219,77,0.1872,49,"7,834.92",275,-0.719,272,0.0091,196,"16,143.12",158,18.456,171,0.032,190,14178.38,181,0.08,182,0.032,142,14795.75,67,12132.37,191,-0.346,190,0.0411,114,13014.31,207,0.088,212,0.0137,187,32590,70,13530.32,193,18.651,162,0.1416,69
"57","E07000004","Aylesbury Vale",19842.56,71,25.401,72,0.1391,78,"9,707.27",245,-0.567,246,0,201,"12,601.14",236,15.266,224,0.0609,143,8502.14,283,0.054,279,0,209,5846.25,175,7045.35,269,-0.838,269,0,173,9331.73,276,0.067,272,0,201,12550,176,9343.48,280,11.992,273,0.0174,209
"58","E07000005","Chiltern",17505.76,141,22.589,138,0.0702,151,"7,118.94",283,-0.761,280,0,201,"5,814.83",312,5.974,312,0,243,7068.02,303,0.046,305,0,209,2300.75,297,2352.58,314,-1.563,316,0,173,6833.99,312,0.053,313,0,201,4925,297,5266.75,308,6.788,308,0,251
"59","E07000006","South Bucks",20815.43,56,26.06,59,0.225,34,"15,146.86",148,-0.107,152,0,201,"8,547.18",296,8.666,296,0,243,6437.82,309,0.043,310,0,209,1642.25,313,3813.94,306,-1.306,308,0,173,7954.52,293,0.057,298,0,201,3924,308,11554.95,237,13.254,251,0,251
"60","E07000007","Wycombe",18695.69,104,23.64,112,0.0748,143,"8,675.18",261,-0.662,264,0,201,"12,115.09",247,13.985,237,0.0093,236,10128.71,257,0.059,258,0,209,5824.5,176,5164.92,294,-1.037,292,0,173,10718.23,249,0.076,249,0,201,13234,167,8349.57,287,10.375,286,0.0093,241
"61","E07000008","Cambridge",18937.34,96,23.484,120,0.087,131,"18,487.03",95,0.151,98,0.058,114,"9,436.32",284,10.254,283,0.0145,220,9335.99,270,0.055,276,0,209,4615,215,11340.09,202,-0.505,216,0.0145,150,10911.34,245,0.077,244,0,201,9630,224,22015.32,51,28.653,56,0.087,101
"62","E07000009","East Cambridgeshire",21695.92,46,27.872,38,0.2,43,"6,985.74",286,-0.743,274,0,201,"14,674.38",195,16.407,208,0.02,205,9236.5,274,0.055,274,0,209,2685.25,290,5523.02,288,-0.957,286,0,173,10407.64,259,0.07,267,0,201,6065,288,12222.72,216,14.671,220,0,251
"63","E07000010","Fenland",18582.46,108,23.669,111,0.0909,127,"15,854.12",136,-0.032,131,0.0364,149,"25,450.70",3,37.913,10,0.2,42,20755.74,54,0.112,82,0.0545,123,6010.75,171,23120.11,55,0.501,61,0.0909,85,20339.01,56,0.14,93,0.0364,149,13785,157,12592.35,204,15.459,204,0.0364,165
"64","E07000011","Huntingdonshire",18419.29,117,23.837,105,0.1048,109,"11,171.55",222,-0.404,217,0,201,"15,456.88",175,18.129,181,0.0667,139,10750.1,245,0.062,247,0,209,6109,168,8926.72,242,-0.608,241,0,173,10650.77,250,0.074,252,0,201,12752,171,12450.52,208,14.752,218,0.0095,240
"65","E07000012","South Cambridgeshire",18836.17,98,24.745,82,0.2292,32,"9,290.89",248,-0.54,240,0,201,"6,885.95",307,6.605,309,0,243,6976.23,304,0.046,304,0,209,4006.75,244,4191.41,304,-1.147,304,0,173,7564.33,302,0.056,304,0,201,8541,246,10696.56,258,13.177,254,0,251
"66","E07000026","Allerdale",14117.26,213,19.591,201,0.1333,83,"10,764.89",228,-0.586,249,0,201,"19,228.81",92,27.873,71,0.1833,51,18187.06,100,0.113,78,0.1333,73,5939.75,173,18556.87,101,0.189,99,0.1167,74,15726.92,147,0.121,131,0.1,82,11677,187,18591.68,91,26.231,74,0.2167,38
"67","E07000027","Barrow-in-Furness",3570.02,316,7.484,316,0,250,"11,784.31",210,-0.431,225,0.0816,96,"19,222.86",93,26.498,87,0.1633,64,22245.65,38,0.152,23,0.2857,21,5752.5,179,28810.41,4,1.251,4,0.5306,5,18748.96,84,0.159,58,0.1837,42,10722,201,22074.83,50,34.96,27,0.3673,19
"68","E07000028","Carlisle",12364.88,247,17.95,235,0.1029,111,"13,785.51",178,-0.323,204,0.0294,159,"19,824.21",83,28.799,62,0.1765,56,18411.29,95,0.107,91,0.0882,95,6577,156,20288.84,81,0.335,81,0.1618,58,15754.72,145,0.116,139,0.0588,123,12494,177,14542.65,167,19.268,152,0.0882,98
"69","E07000029","Copeland",13998.42,215,18.845,221,0.0816,137,"8,020.62",271,-0.81,285,0.0204,173,"20,469.28",68,29.577,55,0.1633,64,20555.57,59,0.128,54,0.1429,70,4937.5,199,24950.46,29,0.737,31,0.2653,32,17102.9,115,0.13,109,0.0816,98,8933,238,14077.39,178,19.053,155,0.1224,79
"70","E07000030","Eden",20209.47,65,27.482,42,0.2778,23,"4,432.91",308,-1.219,312,0,201,"17,011.81",137,18.838,165,0,243,10420.05,250,0.061,253,0,209,1700.75,311,9451.12,227,-0.544,224,0,173,10549.86,254,0.07,265,0,201,3674,311,25465.79,21,41.667,7,0.5,3
"71","E07000031","South Lakeland",14693.37,199,20.428,183,0.1356,81,"4,876.49",303,-1.16,309,0,201,"11,529.46",254,12.03,261,0.0169,215,10609.3,248,0.061,250,0,209,3292,270,10186.04,217,-0.485,212,0,173,8933.64,284,0.063,286,0,201,6504,283,22946.44,43,32.564,38,0.2373,33
"72","E07000032","Amber Valley",11838.14,250,16.685,250,0.0256,206,"7,500.57",277,-0.748,277,0,201,"18,857.41",108,25.729,98,0.1154,94,16693.65,133,0.095,128,0.0385,138,6630.5,153,17894.65,112,0.114,111,0.0513,108,15166.32,160,0.109,155,0.0385,145,13452,164,13435.95,196,16.483,193,0.0385,163
"73","E07000033","Bolsover",10153.39,279,14.936,279,0,250,"9,803.16",243,-0.509,233,0,201,"24,185.60",11,35.813,19,0.2083,37,22836.77,28,0.132,47,0.1458,68,5897.5,174,24460.03,35,0.634,43,0.1667,55,20292.03,57,0.147,78,0.0833,96,11408,189,12201.6,218,14.062,239,0,251
"74","E07000034","Chesterfield",10283.91,276,15.129,276,0,250,"8,823.18",257,-0.643,259,0,201,"18,873.20",106,25.625,99,0.1014,105,22159.93,40,0.136,43,0.1884,50,8171.5,128,26383.98,13,0.904,15,0.3478,20,19513,64,0.153,71,0.1014,81,15934,136,6863.99,301,8.632,302,0,251
"75","E07000035","Derbyshire Dales",16847.16,154,22.875,133,0.1395,77,"3,749.87",312,-1.171,310,0,201,"11,376.70",257,12.391,256,0.0233,201,10410.75,251,0.061,249,0.0233,156,2267.75,299,9184.9,237,-0.568,231,0,173,9537.5,271,0.068,270,0.0233,170,4783,301,18264.57,95,24.185,97,0.1395,70
"76","E07000036","Erewash",4507.82,315,9.046,315,0,250,"11,344.99",216,-0.406,219,0.0274,164,"19,432.47",87,26.859,84,0.1233,90,17103.98,120,0.101,112,0.0959,91,6604,154,16420.55,131,0.007,131,0.0274,130,16051.69,139,0.12,133,0.0685,112,13764,159,16272.53,132,20.283,137,0.0685,124
"77","E07000037","High Peak",10921.24,267,15.569,268,0.0169,218,"7,952.89",273,-0.707,269,0,201,"14,085.27",210,17.583,191,0.0847,122,15580.11,158,0.087,161,0.0508,128,4565.5,218,16580.55,129,0.008,129,0.0169,144,13601.42,195,0.097,189,0.0339,156,8853,240,15667.91,144,19.45,148,0.0339,168
"78","E07000038","North East Derbyshire",8982.71,290,13.615,291,0,250,"5,571.76",297,-0.972,299,0,201,"17,693.63",128,23.38,121,0.0794,127,17967.42,103,0.103,101,0.0476,131,5605.25,189,18103.13,111,0.143,105,0.0794,91,15247.52,157,0.112,145,0.0317,159,11091,194,10675.74,259,12.548,264,0.0159,218
"79","E07000039","South Derbyshire",15386.59,182,20.47,182,0.0862,133,"8,226.52",267,-0.662,265,0,201,"16,547.97",146,20.837,136,0.0862,119,12041.16,221,0.071,215,0.0172,172,4038.75,243,14293.19,167,-0.176,166,0.0172,141,11879.38,230,0.083,225,0,201,8182,255,15172.44,154,18.192,171,0.0172,210
"80","E07000040","East Devon",13782.63,226,18.942,219,0.0494,167,"5,736.96",296,-0.938,296,0,201,"13,562.64",218,14.52,232,0.0123,229,13328.23,198,0.072,207,0,209,4876.5,202,8207.18,254,-0.672,253,0,173,12175.21,221,0.081,229,0,201,11173,193,15479.36,148,21.903,123,0.1605,57
"81","E07000041","Exeter",12902.79,241,17.54,241,0,250,"12,337.34",203,-0.352,207,0.0135,186,"14,725.57",194,18.085,182,0.0541,161,13611.07,192,0.077,190,0,209,6256.75,164,15345.15,153,-0.09,151,0.0405,115,13633.54,193,0.095,195,0,201,11928,182,17871.15,104,23.485,102,0.1216,80
"82","E07000042","Mid Devon",19049.76,94,25.493,69,0.2093,40,"5,860.20",294,-0.911,294,0,201,"16,510.16",148,19.625,150,0.0465,169,13841.17,186,0.077,192,0,209,3227.75,273,7180.93,268,-0.757,263,0,173,14183.06,181,0.093,200,0,201,7408,265,21934.59,54,35.035,24,0.4651,7
"83","E07000043","North Devon",20428.27,61,26.966,49,0.1724,57,"8,156.24",269,-0.728,273,0,201,"17,612.65",129,20.6,138,0.0172,213,16094.94,144,0.092,144,0.069,112,4554.25,219,17375.99,119,0.099,113,0.069,97,15663.59,150,0.11,151,0.0345,151,10285,209,18534.12,93,28.635,57,0.2414,31
"84","E07000044","South Hams",16578.27,161,22.374,143,0.1837,53,"4,780.12",305,-1.026,302,0,201,"8,662.41",292,8.381,299,0,243,13611.68,191,0.074,203,0,209,3186.75,278,8816.19,245,-0.598,238,0,173,13223.81,202,0.087,213,0,201,7364,266,19191.2,82,28.759,53,0.3265,23
"85","E07000045","Teignbridge",13853.16,222,18.932,220,0.0714,147,"8,748.53",259,-0.648,260,0,201,"14,309.73",202,15.698,215,0,243,15457.47,161,0.084,167,0,209,5614.25,188,12970.18,182,-0.268,181,0,173,15061.87,164,0.101,178,0,201,12929,169,17798.19,106,25.047,85,0.2143,39
"86","E07000046","Torridge",21329.76,47,28.345,32,0.3243,18,"6,230.65",292,-0.894,291,0,201,"20,621.94",65,24.535,114,0.0541,161,18810.71,86,0.101,108,0.027,149,3465,262,18190.19,109,0.116,110,0,173,18067.19,103,0.121,130,0,201,8023,256,22244.7,48,36.788,18,0.4865,5
"87","E07000047","West Devon",19199.52,90,25.592,66,0.2258,33,"5,413.97",299,-0.968,298,0,201,"13,086.72",229,13.317,245,0,243,16135.99,142,0.084,168,0,209,2308.5,296,14131.62,168,-0.186,168,0,173,15211.13,158,0.098,188,0,201,5248,296,23238.75,37,37.429,15,0.4516,10
"88","E07000061","Eastbourne",17901.22,129,22.703,137,0.0656,156,"15,876.62",134,-0.045,134,0.0656,108,"19,186.51",97,24.884,110,0.0984,109,20642.9,58,0.119,66,0.1148,81,6473.75,159,17057.72,125,0.038,128,0.0164,146,19342.44,71,0.141,91,0.0492,131,14347,152,11804.7,232,14.178,234,0,251
"89","E07000062","Hastings",22885.42,33,27.208,45,0.0377,185,"22,152.62",40,0.46,44,0.1887,40,"23,028.19",23,33.115,34,0.1887,49,24182.96,12,0.16,14,0.2453,34,8388.25,122,23679.8,46,0.633,44,0.2075,46,23560.88,14,0.202,14,0.2642,21,18557,121,17180.25,118,22.811,109,0.1321,77
"90","E07000063","Lewes",19232.56,89,24.272,93,0.0968,118,"9,989.08",234,-0.517,235,0,201,"16,476.36",150,20.567,139,0.0484,168,15240.23,164,0.083,171,0,209,4343.75,226,11482.4,199,-0.404,199,0,173,14484.19,176,0.099,186,0,201,9864,217,11165.67,248,14.585,223,0.0645,129
"91","E07000064","Rother",21034.02,52,26.617,55,0.1724,57,"11,060.86",226,-0.419,221,0,201,"16,369.43",151,19.528,153,0.069,138,17930.62,105,0.1,113,0.0517,126,4470.25,222,15421.6,151,-0.082,148,0.0172,141,16195.48,134,0.113,143,0.0517,128,10515,203,17156.81,120,22.97,107,0.1379,72
"92","E07000065","Wealden",20411.91,62,26.133,58,0.1789,56,"7,197.90",281,-0.746,276,0,201,"12,960.52",230,14.304,234,0.0421,178,10180.62,255,0.06,255,0,209,4889.25,201,5700.16,286,-0.97,289,0,173,10436.38,257,0.073,255,0,201,11375,191,15714.38,142,20.914,132,0.1474,62
"93","E07000066","Basildon",19870.01,70,24.425,88,0.0545,162,"20,920.80",60,0.41,52,0.3182,17,"22,140.96",34,32.304,40,0.1909,47,17448.75,113,0.102,106,0.0727,107,10654.75,99,15585.11,147,-0.092,152,0.0182,140,17620.23,111,0.138,95,0.0727,106,25039,97,8810.18,284,10.265,287,0,251
"94","E07000067","Braintree",15600.95,179,20.727,175,0.0805,139,"12,635.26",200,-0.29,197,0,201,"18,314.08",117,21.593,131,0.046,170,13774.16,187,0.075,195,0,209,6316.5,162,11576.39,196,-0.382,194,0,173,13676.73,192,0.092,202,0,201,13848,155,11182.19,247,13.819,244,0.0115,233
"95","E07000068","Brentwood",17520.55,140,22.327,144,0.087,131,"15,687.35",140,-0.061,141,0,201,"11,590.26",252,12.123,260,0,243,8270.67,287,0.051,287,0,209,2205.75,302,5369.63,291,-1.059,296,0,173,9094.75,279,0.064,282,0,201,4876,299,8116.55,290,9.72,291,0,251
"96","E07000069","Castle Point",15069.93,189,19.567,202,0,250,"13,756.00",180,-0.204,178,0,201,"22,406.89",27,29.411,58,0.1404,77,15470.11,160,0.087,162,0.0175,171,4089.5,239,12483.91,186,-0.311,185,0,173,15085.93,163,0.107,164,0.0526,126,9522,226,7269.29,299,8.887,300,0,251
"97","E07000070","Chelmsford",20037.36,67,25.408,71,0.1215,93,"13,407.92",187,-0.227,185,0.0093,195,"12,540.40",237,13.338,244,0.0093,236,10679.42,246,0.063,245,0.0093,194,6251,165,6767.76,272,-0.85,271,0,173,10804.53,248,0.077,246,0.0093,195,13142,168,10141.45,267,12.476,265,0.0093,241
"98","E07000071","Colchester",21259.85,50,26.591,56,0.1333,83,"15,049.74",153,-0.105,150,0.0571,116,"14,627.09",196,17.449,192,0.0571,154,13747.92,189,0.076,194,0.0095,193,8374.5,123,14796.15,157,-0.13,158,0.0286,126,14193.93,180,0.099,184,0.0095,194,18284,126,10229.39,266,12.819,262,0.0286,181
"99","E07000072","Epping Forest",17753.71,134,23.282,125,0.0897,129,"20,774.47",63,0.308,70,0.0128,187,"17,100.34",136,19.608,151,0.0128,227,11615.86,229,0.066,230,0,209,4808.25,208,7399.38,266,-0.778,264,0,173,13346.05,198,0.091,209,0,201,11701,186,14117.36,176,16.876,188,0.0128,226
"100","E07000073","Harlow",22527.17,35,26.754,53,0.0926,126,"19,610.38",78,0.222,82,0.0185,175,"21,940.24",42,26.764,85,0,243,18497.02,93,0.097,121,0,209,4829.75,206,19561,93,0.203,97,0,173,19533.15,62,0.134,102,0,201,11443,188,2623.65,317,3.885,317,0,251
"101","E07000074","Maldon",16971.35,149,23.099,130,0.2,43,"8,376.69",264,-0.628,257,0,201,"18,060.17",121,20.526,141,0,243,13088.19,204,0.071,211,0,209,2398.25,294,9347.94,233,-0.555,226,0,173,12877.79,208,0.086,218,0,201,5342,295,13972.06,180,17.556,177,0.025,185
"102","E07000075","Rochford",14859.11,194,19.737,197,0.0377,185,"8,887.98",256,-0.589,251,0,201,"17,985.36",124,20.451,143,0.0189,208,9946.28,260,0.059,262,0,209,2724.25,289,5418.26,290,-0.953,285,0,173,10409.07,258,0.073,254,0.0189,176,6199,287,5080.23,310,6.551,309,0,251
"103","E07000076","Tendring",14311.02,211,19.157,214,0.0449,175,"18,201.40",96,0.205,85,0.1236,67,"24,148.40",12,35.781,21,0.2022,41,23369.49,22,0.153,21,0.1798,53,10542.5,101,24461.78,34,0.693,34,0.1685,54,21590.74,36,0.173,40,0.1461,56,24502,99,15287.35,153,19.782,142,0.0674,126
"104","E07000077","Uttlesford",21751.73,44,29.161,28,0.2391,31,"9,142.92",253,-0.551,243,0,201,"10,081.30",277,9.793,285,0,243,5616.85,314,0.041,314,0,209,1939.25,306,2707.58,313,-1.308,309,0,173,7278.06,308,0.054,310,0,201,4539,304,12287.39,214,14.464,225,0,251
"105","E07000078","Cheltenham",12612.91,244,17.268,245,0.0267,204,"14,708.26",162,-0.149,165,0,201,"11,357.32",258,15.212,226,0.0933,112,12399.33,215,0.074,201,0.0267,150,5116,195,14301.77,166,-0.167,163,0.0267,131,12059.26,222,0.091,206,0.04,143,10589,202,11075.06,250,13.496,247,0.0133,225
"106","E07000079","Cotswold",21019.71,53,28.298,33,0.3333,17,"4,309.42",310,-1.042,304,0,201,"10,595.24",269,11.074,272,0,243,7666.03,295,0.049,293,0,209,2248.5,300,6096.6,283,-0.891,276,0,173,9178.26,278,0.064,284,0,201,5413,293,15508.52,146,21.075,130,0.1373,73
"107","E07000080","Forest of Dean",17188.32,146,22.883,132,0.12,95,"6,734.11",287,-0.822,287,0,201,"19,337.32",91,23.968,119,0.06,147,17041.91,122,0.092,142,0.02,164,4211,236,11147,203,-0.432,201,0,173,15542.99,151,0.107,168,0.02,173,8980,237,18354.89,94,24.988,87,0.16,58
"108","E07000081","Gloucester",17683.59,136,21.975,149,0.0256,206,"13,985.07",175,-0.23,186,0.0769,97,"19,619.43",85,26.928,82,0.1154,94,16635.98,135,0.101,111,0.1026,85,7537.75,134,20618.28,79,0.378,74,0.1538,60,16420.64,129,0.126,116,0.0897,90,16018,134,11289.17,244,14.195,232,0.0128,226
"109","E07000082","Stroud",13924.81,219,18.68,225,0.0145,223,"5,454.67",298,-1.02,301,0,201,"11,099.28",263,11.741,266,0.0145,220,11948.43,224,0.067,226,0,209,4272.25,232,9072.52,239,-0.591,236,0,173,11574.78,235,0.078,243,0,201,9035,234,12261.23,215,14.931,216,0.0145,221
"110","E07000083","Tewkesbury",18186.35,121,23.885,103,0.1,114,"6,420.15",289,-0.845,289,0,201,"13,728.68",215,15.883,213,0.06,147,10359.71,252,0.061,248,0,209,2913.75,284,9229.36,236,-0.592,237,0,173,10942.4,242,0.077,245,0,201,6659,280,12575.59,205,15.408,206,0.02,200
"111","E07000084","Basingstoke and Deane",18788.37,100,23.848,104,0.1009,113,"14,692.25",164,-0.149,166,0.0459,131,"13,804.10",213,16.648,204,0.0275,197,9732.06,263,0.059,264,0,209,5957.5,172,10348.4,216,-0.52,217,0,173,9775.05,268,0.071,262,0,201,12322,180,8870.19,283,11.394,279,0.0459,152
"112","E07000085","East Hampshire",18107.96,122,23.296,122,0.1111,104,"11,349.43",215,-0.392,213,0.0278,162,"9,885.89",279,10.782,274,0.0139,223,8480.78,285,0.053,285,0,209,3356.5,268,6207.26,281,-0.909,281,0,173,8247.02,287,0.06,288,0,201,7077,270,13683.7,188,17.533,179,0.0556,144
"113","E07000086","Eastleigh",10869.79,268,15.604,267,0,250,"13,494.16",185,-0.233,187,0,201,"13,507.62",221,14.99,228,0.026,199,9197.2,275,0.056,271,0,209,4101,238,7471.09,264,-0.786,266,0,173,9032.71,282,0.066,279,0,201,8404,251,12094.91,222,14.075,237,0,251
"114","E07000087","Fareham",15300.49,185,19.961,189,0.0274,203,"9,915.67",238,-0.528,237,0,201,"10,139.32",276,10.646,276,0,243,7890.02,291,0.051,290,0,209,3191.75,277,6565.29,274,-0.838,270,0,173,7502.54,303,0.056,302,0,201,6423,285,14007.97,179,16.235,198,0,251
"115","E07000088","Gosport",14073.62,214,18.61,227,0,250,"20,693.41",68,0.337,64,0.0943,89,"21,456.86",47,30.357,50,0.1887,49,16025.91,147,0.089,158,0.0189,167,4286,229,17409.76,118,0.062,121,0,173,15348.62,154,0.107,165,0,201,9039,233,17502.06,115,22.557,112,0.0566,140
"116","E07000089","Hart",14892.53,192,19.535,204,0.0351,192,"8,929.92",255,-0.659,263,0,201,"6,648.29",309,6.429,310,0,243,4116.65,316,0.035,316,0,209,1854.5,309,1686.19,316,-1.529,314,0,173,4771.51,316,0.042,316,0,201,3882,309,6649.28,305,8.233,305,0,251
"117","E07000090","Havant",13314.87,232,18.153,232,0.0256,206,"19,427.72",81,0.267,77,0.1538,49,"20,481.18",67,30.68,48,0.2821,16,17737.93,109,0.103,103,0.0513,127,6811.25,149,17135.15,123,0.056,123,0.0385,116,16795.46,118,0.126,120,0.0385,145,15429,141,14299.65,173,16.939,186,0,251
"118","E07000091","New Forest",18620.22,107,23.814,106,0.114,102,"14,014.77",174,-0.192,173,0,201,"13,480.55",222,15.074,227,0.0175,212,12097.33,219,0.069,222,0,209,6190,166,8643.22,249,-0.628,246,0,173,10939.74,243,0.077,248,0,201,13633,162,10817.38,255,13.986,240,0.0614,133
"119","E07000092","Rushmoor",18468.89,113,23.201,126,0.069,154,"16,231.71",128,-0.007,129,0.0172,178,"16,497.89",149,19.017,161,0.0345,186,11302.05,233,0.065,234,0,209,3803.25,253,14990.88,156,-0.126,156,0.0345,120,14275.34,177,0.104,171,0.0345,151,9860,218,11142.66,249,13.063,258,0.0172,210
"120","E07000093","Test Valley",19558.22,80,25.394,73,0.1831,54,"11,234.16",220,-0.453,228,0.0423,135,"11,653.66",251,13.466,243,0.0423,177,9281.45,272,0.056,270,0,209,3742.25,256,7787.39,262,-0.736,260,0,173,9093.02,280,0.066,277,0,201,8007,257,12616.02,203,16.491,192,0.0563,142
"121","E07000094","Winchester",18836.12,99,24.284,92,0.1286,87,"9,934.32",236,-0.534,239,0,201,"7,513.10",304,8.774,294,0.0286,194,7430.69,299,0.048,299,0,209,3245.25,272,5106.29,295,-1.061,297,0,173,7878.76,296,0.058,295,0,201,6946,274,13463.89,195,17.473,180,0.1,90
"122","E07000095","Broxbourne",25309.25,21,30.803,22,0.1964,47,"17,449.37",113,0.068,116,0.0179,176,"20,842.90",63,25.104,107,0.0179,211,14209.94,180,0.077,189,0,209,4263.5,233,7984.9,258,-0.693,256,0,173,15709.26,148,0.108,161,0,201,10348,206,12371.2,212,14.492,224,0,251
"123","E07000096","Dacorum",18213.97,120,22.746,135,0.0426,179,"15,835.30",137,-0.05,135,0.0106,193,"13,944.79",212,16.579,205,0.0213,203,11485.05,230,0.066,231,0,209,5705.25,182,8091.92,255,-0.743,262,0,173,12193.33,220,0.085,220,0,201,12679,174,7805.67,291,9.537,293,0.0106,237
"124","E07000098","Hertsmere",21322.53,48,25.876,62,0.0968,118,"16,492.09",123,0.012,124,0.0323,154,"12,762.96",233,13.77,240,0,243,12325.86,217,0.069,219,0.0161,177,3979.5,248,8970.41,241,-0.668,250,0,173,12875.19,209,0.089,211,0.0161,181,9120,230,11288.04,245,12.905,260,0.0161,217
"125","E07000099","North Hertfordshire",16722.77,158,21.441,160,0.0488,170,"11,828.63",208,-0.362,209,0,201,"11,271.64",261,12.868,250,0.0122,231,10763.62,244,0.064,242,0,209,4765.75,209,7982.29,259,-0.712,258,0,173,11221.42,239,0.079,237,0,201,10301,207,10710.15,257,13.089,256,0.0122,230
"126","E07000102","Three Rivers",17786.81,131,22.133,147,0,250,"11,111.61",223,-0.429,223,0,201,"10,358.30",273,12.196,259,0,243,8849.84,279,0.054,278,0.0189,167,2816.5,287,5275.76,293,-1.106,300,0,173,9824.99,266,0.071,263,0,201,6443,284,7713.23,294,9.181,297,0,251
"127","E07000103","Watford",20953.44,55,25.052,79,0,250,"18,507.98",94,0.168,95,0.0377,148,"11,779.68",249,12.578,252,0,243,11945.6,225,0.068,223,0,209,4005,245,11598.59,195,-0.406,200,0,173,13564.25,196,0.092,203,0,201,8830,241,17683.35,109,22.088,121,0.0566,140
"128","E07000105","Ashford",22395.13,36,28.454,30,0.2051,41,"17,531.67",107,0.122,102,0.1154,69,"18,319.29",116,22.784,124,0.0897,118,14688.01,170,0.083,172,0,209,5652,184,10581.62,211,-0.473,209,0,173,15745.71,146,0.11,150,0.0385,145,13569,163,11824.4,231,15.135,214,0.0256,184
"129","E07000106","Canterbury",18674.26,105,23.401,121,0.0667,155,"17,509.18",108,0.091,109,0.1333,60,"14,927.02",187,18.271,177,0.0778,132,13339.86,197,0.078,188,0.0222,158,7341,137,14359.86,164,-0.177,167,0.0111,158,14126.63,183,0.1,183,0,201,15844,138,9499.05,277,11.947,274,0.0222,194
"130","E07000107","Dartford",20300.73,64,25.274,76,0.0862,133,"23,783.65",19,0.579,23,0.1724,45,"17,113.19",135,19.595,152,0.0172,213,12419.08,213,0.071,210,0.0172,172,4405,224,13285.99,176,-0.247,174,0,173,13509.88,197,0.095,198,0.0172,178,9760,220,20592.44,68,26.217,75,0.1034,87
"131","E07000108","Dover",17915.55,127,23.488,119,0.1493,71,"17,612.09",106,0.151,97,0.1493,53,"18,607.84",111,24.745,112,0.1194,92,20115.46,66,0.113,77,0.0746,103,6927.25,148,16072.34,138,-0.033,136,0,173,18411.4,91,0.134,105,0.0746,103,15110,144,13076.27,199,16.133,199,0.0448,155
"132","E07000109","Gravesham",11240.11,258,15.903,262,0,250,"25,944.69",6,0.826,7,0.3906,7,"20,843.09",62,27.216,79,0.0781,131,16868.49,125,0.095,130,0.0156,179,5705,183,14570.41,160,-0.152,160,0,173,16509.4,125,0.122,127,0.0313,160,12863,170,15913.89,139,18.842,159,0.0156,219
"133","E07000110","Maidstone",19683.07,74,24.751,81,0.1474,72,"16,665.54",122,0.003,127,0.0421,136,"15,247.76",179,18.885,163,0.0632,141,12705.72,209,0.073,206,0.0105,188,6703.5,151,10365.97,215,-0.49,213,0,173,13294.06,200,0.095,199,0.0211,171,15389,142,16847.83,125,22.247,118,0.1368,74
"134","E07000111","Sevenoaks",17996.6,126,23.139,128,0.1216,92,"18,013.31",99,0.128,101,0.0405,141,"11,707.10",250,13.179,249,0,243,9445.5,267,0.058,267,0.0135,181,3662.75,259,5057.27,296,-1.037,291,0,173,10603.22,253,0.075,251,0,201,8860,239,13641.23,189,17.288,182,0.0676,125
"135","E07000112","Folkestone and Hythe",18570.22,109,23.804,107,0.1045,110,"15,877.60",133,-0.011,130,0.1045,81,"19,826.50",82,25.876,95,0.0746,134,21343.23,47,0.123,59,0.0746,103,7266.5,140,18233.75,108,0.128,109,0.0299,125,19470.46,66,0.145,82,0.0597,119,15849,137,14990.04,159,19.517,146,0.0746,117
"136","E07000113","Swale",18705.21,103,24.111,98,0.1412,75,"22,284.86",38,0.461,43,0.0941,90,"22,009.95",40,34.111,28,0.2588,23,19618.43,70,0.12,64,0.1765,55,9392,112,19154.79,98,0.23,94,0.0588,103,19125.12,77,0.149,74,0.1529,54,20999,111,14682.24,164,19.252,153,0.0824,111
"137","E07000114","Thanet",17167.89,147,21.569,154,0.0119,229,"23,543.53",22,0.675,17,0.3214,16,"22,013.74",39,32.475,38,0.2024,40,23901.32,13,0.155,18,0.25,31,11399,95,21007.22,73,0.379,73,0.0714,95,22390.53,26,0.185,31,0.2024,38,25789,92,15133.03,156,18.633,163,0.0238,188
"138","E07000115","Tonbridge and Malling",18670.74,106,23.712,110,0.1111,104,"14,319.67",169,-0.192,174,0.0278,162,"14,239.99",207,17.262,195,0.0417,179,11010.34,239,0.065,235,0,209,4514.25,220,7868.44,261,-0.734,259,0,173,11253.94,238,0.08,232,0,201,10053,215,11947.19,226,14.998,215,0.0417,158
"139","E07000116","Tunbridge Wells",15982.08,169,20.741,174,0.0441,177,"11,290.39",219,-0.392,214,0.0147,183,"10,500.13",270,12.294,257,0.0441,175,9996.93,258,0.059,261,0,209,3814.75,252,6443.02,276,-0.877,274,0,173,10645.08,251,0.073,256,0,201,8453,250,15050.32,158,19.705,145,0.0882,98
"140","E07000117","Burnley",5905.24,311,10.585,312,0,250,"24,489.08",11,0.774,9,0.4,5,"23,085.65",22,35.598,22,0.2333,30,24419.55,9,0.163,10,0.3,17,8009.75,131,27967.81,6,1.087,7,0.4667,8,23056.47,20,0.203,13,0.25,28,17641,130,23736.93,33,37.221,16,0.3833,15
"141","E07000118","Chorley",9834.15,282,14.278,282,0.0152,222,"13,741.65",181,-0.22,182,0,201,"13,148.59",228,15.628,219,0.0455,172,15564.68,159,0.091,147,0.0606,116,5728,180,18528.8,103,0.179,101,0.1212,72,13984.5,186,0.102,177,0.0303,162,11243,192,14743.05,162,18.205,170,0.0606,135
"142","E07000119","Fylde",7993.77,300,12.381,303,0.0196,216,"9,089.46",254,-0.562,245,0,201,"11,804.86",248,12.511,254,0,243,17096.25,121,0.096,126,0.0784,101,3839,250,19218.78,97,0.208,95,0.0784,93,13943.34,188,0.096,192,0.0196,175,7364,266,14737.36,163,18.923,157,0.098,92
"143","E07000120","Hyndburn",3551.14,317,7.439,317,0,250,"21,933.80",48,0.441,47,0.1731,44,"21,280.96",52,30.772,46,0.1731,58,23305.9,23,0.151,24,0.3077,15,6792,150,27850.97,7,1.068,9,0.4423,10,21549.07,37,0.182,33,0.2115,35,14538,149,25473.57,20,40.82,10,0.4615,8
"144","E07000121","Lancaster",10437.36,274,15.182,275,0.0112,232,"16,466.55",124,0.009,125,0.1461,54,"15,210.11",180,20.064,147,0.1011,107,16768.86,129,0.106,94,0.1461,67,8671.25,119,22215.54,62,0.512,59,0.2135,42,16323.06,131,0.129,110,0.1124,73,18039,129,22181.34,49,32.233,41,0.3146,24
"145","E07000122","Pendle",5204.4,314,9.661,314,0,250,"17,411.21",115,0.067,118,0.0526,123,"22,157.30",33,32.825,36,0.2281,32,21197.13,48,0.132,46,0.2281,37,6648,152,24255.63,38,0.653,42,0.2105,43,20587.63,51,0.168,46,0.2105,36,15040,145,27475.41,6,46.129,2,0.5965,2
"146","E07000123","Preston",8616.53,294,13.566,293,0.0116,231,"22,112.53",42,0.495,36,0.2558,24,"18,207.36",120,26.411,89,0.1163,93,20285.24,62,0.123,60,0.1395,71,10538.5,102,24928.89,31,0.758,28,0.2791,30,19845.05,61,0.162,56,0.2093,37,22633,104,23190.36,39,34.357,31,0.3023,25
"147","E07000124","Ribble Valley",13931.28,218,19.411,208,0.125,88,"7,104.07",284,-0.802,284,0,201,"7,640.75",303,7.396,305,0,243,10169.96,256,0.06,256,0,209,1886.5,307,10688.53,209,-0.454,208,0,173,7926.25,295,0.057,300,0,201,3292,313,17599.69,114,23.207,106,0.125,78
"148","E07000125","Rossendale",11920.86,249,16.688,249,0,250,"17,384.17",117,0.087,110,0.0698,104,"17,276.85",133,21.724,129,0.093,113,20730.13,56,0.122,62,0.1628,59,4854.75,204,20885.31,75,0.344,80,0.1163,75,19001.74,80,0.145,80,0.1163,72,10065,213,20828.07,65,26.183,76,0.0698,122
"149","E07000126","South Ribble",7474.18,304,12.102,305,0.0143,224,"12,554.27",201,-0.321,202,0,201,"12,665.88",235,14.155,235,0.0429,176,14253.08,179,0.081,174,0.0429,134,4976.75,198,17614.09,116,0.093,115,0.0429,113,12592.47,213,0.091,208,0.0429,139,9942,216,18175.78,99,23.616,101,0.1143,82
"150","E07000127","West Lancashire",14744.66,197,19.47,206,0.0137,225,"10,655.06",230,-0.472,230,0.0411,138,"14,815.41",190,19.109,158,0.0548,160,17005.2,124,0.105,97,0.1507,63,6585,155,16456.72,130,0.008,130,0.0137,152,15804.87,144,0.123,123,0.1096,75,13834,156,11794.21,233,14.123,235,0.0137,224
"151","E07000128","Wyre",9116.18,289,13.605,292,0,250,"11,549.25",213,-0.394,215,0.0725,101,"15,180.94",181,19.271,156,0.1014,105,18030.74,102,0.112,81,0.1304,74,6361,161,21286.14,71,0.427,66,0.1739,53,16482.83,127,0.125,121,0.1449,57,13688,160,15331.79,152,19.488,147,0.0725,119
"152","E07000129","Blaby",8826.07,293,13.26,296,0,250,"13,180.84",194,-0.255,193,0,201,"15,979.93",161,16.8,202,0,243,10303.67,253,0.059,263,0,209,3156.25,279,9980.26,219,-0.497,215,0,173,10391.38,260,0.069,268,0,201,6637,282,10021.66,270,11.911,275,0,251
"153","E07000130","Charnwood",11812.13,252,16.539,252,0,250,"14,324.48",168,-0.156,168,0.0404,142,"15,540.61",171,18.295,176,0.0202,204,11002.29,240,0.066,232,0.0202,163,6930,147,11131.17,204,-0.451,205,0.0101,160,11784.61,232,0.084,222,0.0202,172,14636,148,13389.45,197,15.702,201,0.0101,238
"154","E07000131","Harborough",13263.97,234,19.032,215,0.1702,60,"8,276.84",266,-0.65,261,0,201,"10,876.83",265,10.977,273,0,243,7170.01,302,0.047,303,0,209,2268.75,298,4242.39,303,-1.084,299,0,173,7497.76,304,0.056,305,0,201,4892,298,8210.08,289,10.643,285,0.0213,195
"155","E07000132","Hinckley and Bosworth",11060.29,263,16.332,255,0.0606,157,"13,583.84",182,-0.201,177,0,201,"17,720.34",127,21.59,132,0.0606,145,12432.51,212,0.071,213,0.0152,180,4296,228,10941.95,206,-0.442,203,0,173,11862.27,231,0.082,228,0,201,8808,242,11666.13,236,13.976,242,0.0152,220
"156","E07000133","Melton",18068.29,125,23.917,102,0.2,43,"9,808.48",242,-0.554,244,0,201,"13,320.43",227,15.417,223,0.0333,189,9907.94,261,0.059,260,0,209,1663.25,312,9373.77,230,-0.574,234,0,173,10220.72,262,0.072,260,0,201,3627,312,14085.19,177,18.782,161,0.0667,128
"157","E07000134","North West Leicestershire",11645.79,256,16.267,258,0,250,"12,298.05",204,-0.299,199,0,201,"17,942.73",125,22.006,128,0.0862,119,14302.9,177,0.079,184,0.0345,140,4351.25,225,14368.26,163,-0.169,164,0,173,13056.87,204,0.09,210,0.0345,151,8687,243,9718.97,274,12.045,272,0.0172,210
"158","E07000135","Oadby and Wigston",11821.1,251,16.681,251,0,250,"10,678.16",229,-0.436,227,0,201,"14,813.26",191,17.704,187,0.0278,196,12413.46,214,0.071,214,0,209,2219,301,14060.71,170,-0.189,170,0.0278,128,12493.69,214,0.086,216,0,201,4796,300,7520.23,296,9.13,298,0,251
"159","E07000136","Boston",15497.59,180,20.896,171,0.1389,79,"9,916.05",237,-0.541,241,0,201,"26,066.28",1,42.053,1,0.2778,18,18841.19,85,0.101,109,0.0278,147,3717,258,17839.58,113,0.083,118,0,173,18407.22,92,0.128,112,0.0278,165,8486,249,16159.16,135,21.222,127,0.0833,108
"160","E07000137","East Lindsey",17664.69,137,24.4,89,0.2222,35,"9,450.48",247,-0.604,254,0.0247,167,"22,375.12",28,32.359,39,0.2222,34,23222.73,25,0.148,28,0.2593,27,10171.25,107,23230.96,53,0.571,52,0.2099,44,21216.68,42,0.162,53,0.1235,70,22342,108,19110.36,85,26.393,71,0.1852,49
"161","E07000138","Lincoln",18491.58,112,22.459,141,0,250,"17,976.02",100,0.101,107,0.0175,177,"21,174.33",57,30.752,47,0.2281,32,19335.37,77,0.121,63,0.2281,37,7430.75,135,24053.75,43,0.653,41,0.2807,29,19466.11,68,0.155,67,0.1404,59,14873,146,12182.34,219,15.438,205,0.0175,207
"162","E07000139","North Kesteven",14545.06,202,19.975,188,0.0938,123,"2,717.71",316,-1.406,316,0,201,"12,931.99",231,13.244,248,0,243,12905.32,205,0.071,212,0,209,4321.25,227,8823.01,244,-0.602,239,0,173,12036.9,223,0.081,230,0,201,9047,232,10336.55,265,13.252,252,0.0313,173
"163","E07000140","South Holland",18107.69,123,23.983,99,0.1224,91,"7,097.19",285,-0.744,275,0,201,"24,482.22",9,32.664,37,0.0816,124,16311.25,140,0.084,170,0,209,4101.25,237,13769.35,171,-0.214,171,0,173,15987.98,140,0.103,174,0,201,9367,227,11883.39,228,14.623,221,0,251
"164","E07000141","South Kesteven",17252.07,145,22.907,131,0.1235,90,"6,257.32",291,-0.937,295,0,201,"13,616.54",216,15.959,212,0.0494,167,13221.44,199,0.074,199,0.0123,184,5643.5,185,9942.75,220,-0.525,219,0,173,13020.88,205,0.091,205,0.037,148,12681,173,10447.95,263,13.151,255,0,251
"165","E07000142","West Lindsey",17722.28,135,23.524,118,0.2115,37,"7,859.40",274,-0.84,288,0.0769,97,"15,282.75",178,19.889,149,0.1154,94,18321.91,96,0.109,87,0.1346,72,5431.75,191,15804.65,143,-0.049,140,0.0385,116,16363.75,130,0.123,125,0.0962,86,11398,190,16480.9,128,21.565,125,0.0962,94
"166","E07000143","Breckland",19648.19,75,25.799,64,0.2179,36,"9,236.09",249,-0.586,250,0.0128,187,"23,372.90",19,33.049,35,0.1667,61,16052.27,145,0.086,163,0,209,6142.75,167,16057.64,139,-0.038,138,0.0128,154,14903.97,166,0.1,182,0,201,13396,165,13910.33,183,18.319,167,0.1026,88
"167","E07000144","Broadland",16196.58,165,21.599,153,0.1071,106,"4,627.53",306,-1.059,307,0,201,"15,672.58",168,16.17,210,0,243,12717.36,208,0.069,220,0,209,4589.75,217,9515.47,226,-0.533,221,0,173,10905.78,246,0.072,261,0,201,8999,235,12522.67,206,15.325,208,0.0238,188
"168","E07000145","Great Yarmouth",16085.64,167,20.752,173,0.0492,169,"16,674.71",121,0.074,115,0.1148,70,"25,569.09",2,42.049,2,0.2623,22,24277.21,10,0.162,12,0.2459,33,8510,121,23391.26,50,0.587,51,0.1639,57,22080.39,29,0.184,32,0.2295,31,18140,127,18085.39,101,24.196,96,0.1475,61
"169","E07000146","King's Lynn and West Norfolk",19835.01,73,25.552,67,0.1573,66,"9,148.28",252,-0.679,268,0.0112,191,"23,426.87",17,33.164,33,0.1348,81,19017.83,82,0.103,102,0.0562,122,8122.75,129,22074.24,63,0.426,67,0.0562,104,17384.58,114,0.12,134,0.0562,125,18103,128,17670.74,111,23.673,100,0.1124,83
"170","E07000147","North Norfolk",24593.99,24,31.664,18,0.3065,19,"4,506.51",307,-1.041,303,0,201,"20,587.44",66,24.231,118,0,243,18201.65,99,0.095,129,0.0161,177,4679.75,213,16274.39,135,-0.021,133,0.0161,147,16580.56,122,0.106,169,0,201,10839,199,20883.66,63,30.109,47,0.2258,35
"171","E07000148","Norwich",9296.7,287,14.13,287,0.012,228,"19,681.52",77,0.237,80,0.1325,62,"21,099.64",59,34.178,27,0.3614,5,18746.25,87,0.116,72,0.1687,57,10232.25,106,24235.71,39,0.689,35,0.2651,33,20230.16,58,0.163,52,0.1566,52,22398,106,15953.71,138,19.993,138,0.0482,149
"172","E07000149","South Norfolk",19238.8,88,25.116,78,0.1975,46,"5,941.15",293,-0.911,292,0,201,"14,623.02",197,15.43,222,0,243,12243.36,218,0.067,225,0,209,4655.25,214,8479.55,253,-0.625,244,0,173,11904.06,229,0.078,240,0,201,10194,211,16551.33,126,22,122,0.0864,103
"173","E07000150","Corby",20404.59,63,24.621,86,0,250,"16,457.19",125,0.025,123,0.0488,127,"24,324.88",10,39.075,6,0.3171,8,19193.48,79,0.113,80,0.0732,105,4473,221,23707.23,45,0.61,47,0.2195,39,18462.31,90,0.136,98,0.0732,105,9080,231,7472.3,297,8.937,299,0,251
"174","E07000151","Daventry",18770.87,101,23.765,108,0.1136,103,"14,223.79",170,-0.155,167,0.0227,170,"14,210.49",208,17.363,194,0.0455,172,9951.99,259,0.061,252,0.0227,157,2665,291,9393.11,229,-0.57,233,0.0227,134,10041.25,263,0.073,257,0,201,5673,291,12353.14,213,15.251,211,0.0227,192
"175","E07000152","East Northamptonshire",14832.02,195,20.232,184,0.1429,73,"11,895.24",206,-0.349,206,0,201,"17,986.31",123,22.458,127,0.102,104,11907.89,226,0.069,221,0,209,3415.25,265,10404.64,213,-0.492,214,0,173,11925.27,228,0.084,224,0,201,7499,263,11402.03,241,14.07,238,0.0204,198
"176","E07000153","Kettering",14711.32,198,19.687,198,0.0526,163,"16,310.83",127,0.009,126,0.0702,103,"18,976.68",103,24.256,117,0.0702,136,15843.76,154,0.092,140,0.0702,111,5098.5,196,16919.84,127,0.051,125,0.0702,96,15411.73,153,0.113,144,0.0702,110,10993,196,12393.81,211,15.507,203,0.0175,207
"177","E07000154","Northampton",19835.42,72,24.223,94,0.0376,188,"22,036.23",44,0.462,41,0.2105,36,"19,902.94",80,26.477,88,0.1128,97,15929.18,150,0.093,134,0.0526,124,12351.75,85,20709.21,77,0.349,79,0.0827,88,16453.9,128,0.123,124,0.0677,113,27179,86,14867.17,160,18.827,160,0.0451,154
"178","E07000155","South Northamptonshire",15357.47,183,20.473,181,0.1176,99,"7,418.51",279,-0.752,279,0,201,"10,441.90",272,10.543,278,0,243,5987.11,313,0.043,313,0,209,2101.5,304,4448.01,301,-1.042,294,0,173,6179.03,314,0.049,314,0,201,4291,307,10515.72,261,13.232,253,0.0196,203
"179","E07000156","Wellingborough",17092.58,148,21.549,155,0.0426,179,"18,991.50",85,0.2,88,0.1064,80,"21,155.84",58,29.522,57,0.1489,72,17341.8,117,0.099,117,0.0851,97,4253.75,234,18375.49,105,0.14,106,0.0213,138,16559.32,124,0.126,117,0.0851,94,9717,221,11780.8,234,13.821,243,0,251
"180","E07000163","Craven",12990.66,238,18.679,226,0.1875,48,"4,414.40",309,-1.098,308,0,201,"11,438.55",255,12.235,258,0.0313,191,11254.76,236,0.064,236,0,209,1868.5,308,9650.53,223,-0.532,220,0,173,9404.39,274,0.067,274,0,201,3737,310,24379.44,28,33.925,34,0.2188,37
"181","E07000164","Hambleton",17486.63,142,24.217,96,0.2115,37,"3,986.17",311,-1.235,313,0,201,"12,676.08",234,14.659,231,0.0577,153,9567.41,266,0.058,266,0,209,2780.75,288,7358.8,267,-0.789,267,0,173,8957.96,283,0.067,276,0,201,5962,290,16404.4,130,22.413,116,0.1346,76
"182","E07000165","Harrogate",15479.81,181,21.472,158,0.1635,63,"6,352.38",290,-0.964,297,0,201,"9,695.35",282,10.342,282,0,243,9172.97,276,0.056,272,0.0096,192,4817,207,8995.46,240,-0.611,242,0.0096,161,8523.77,286,0.062,287,0.0096,193,9819,219,17133.25,122,22.427,115,0.0865,102
"183","E07000166","Richmondshire",21287.54,49,27.967,37,0.2647,26,"2,774.38",315,-1.393,315,0,201,"16,156.77",156,19.463,154,0.0588,151,7973.39,290,0.05,292,0,209,1512.5,314,7990,256,-0.667,249,0,173,8245.22,288,0.059,291,0,201,3092,314,13873.32,184,19.284,151,0.1471,64
"184","E07000167","Ryedale",18928.66,97,26.968,48,0.3667,15,"2,917.73",314,-1.334,314,0,201,"16,538.97",147,18.379,173,0,243,11287.21,234,0.064,240,0,209,1780.75,310,9360.47,231,-0.551,225,0,173,12368.81,218,0.082,227,0,201,4372,306,23974.92,30,34.572,29,0.3667,20
"185","E07000168","Scarborough",14392.94,208,19.536,203,0.0423,182,"11,546.14",214,-0.462,229,0.0563,119,"20,733.61",64,29.336,59,0.169,59,21086.38,50,0.129,51,0.1549,61,7314.5,138,22605.18,59,0.499,62,0.1408,64,18969.27,81,0.145,81,0.0986,85,15655,140,19307.21,77,28.305,60,0.2817,27
"186","E07000169","Selby",13850.79,223,19.017,217,0.08,140,"7,499.07",278,-0.802,283,0,201,"15,536.83",172,18.669,168,0.06,147,12361.72,216,0.07,216,0.02,164,3436,264,10114.62,218,-0.523,218,0,173,10924.1,244,0.079,236,0.02,173,6764,277,12400.72,209,14.733,219,0,251
"187","E07000170","Ashfield",11630.41,257,16.32,256,0,250,"18,896.96",87,0.193,91,0.0946,88,"23,973.83",13,35.49,24,0.2297,31,22258.64,37,0.132,48,0.2027,42,9325.5,114,23126.35,54,0.542,54,0.1351,66,20095.64,60,0.152,73,0.1351,61,18692,120,9558.42,276,11.255,281,0,251
"188","E07000171","Bassetlaw",15145.69,187,20.126,186,0.0714,147,"16,220.74",129,0.002,128,0.0571,116,"19,688.18",84,27.32,78,0.1429,75,19512.14,72,0.114,74,0.1286,77,7223.25,141,21570.61,68,0.419,68,0.1143,76,16567.63,123,0.122,129,0.0429,139,13784,158,12009.24,224,14.867,217,0.0143,222
"189","E07000172","Broxtowe",6144.85,309,10.671,310,0,250,"13,280.14",193,-0.24,191,0.0141,184,"14,118.53",209,16.417,207,0.0282,195,14917.14,167,0.084,166,0.0563,121,5424.25,192,12881.04,184,-0.286,184,0,173,13608.74,194,0.097,191,0.0282,164,10757,200,13769.32,185,16.434,195,0.0141,223
"190","E07000173","Gedling",9910.84,281,14.746,281,0,250,"11,315.61",218,-0.377,211,0,201,"15,848.09",165,18.694,166,0.013,226,17016.47,123,0.092,141,0.026,152,6050.5,169,13106.42,180,-0.256,179,0.013,153,14686.65,172,0.102,176,0.013,188,11766,184,11059.38,251,12.855,261,0,251
"191","E07000174","Mansfield",12969.41,239,17.628,240,0,250,"18,737.62",90,0.198,90,0.1045,81,"23,384.42",18,36.748,17,0.3134,9,22455.67,31,0.144,34,0.1791,54,8924.5,116,25159.88,28,0.74,30,0.2239,38,19332.89,72,0.156,61,0.1343,63,16635,132,10595.09,260,12.804,263,0,251
"192","E07000175","Newark and Sherwood",15025.08,190,20.677,176,0.0857,135,"12,662.71",199,-0.298,198,0,201,"18,230.85",119,25.939,94,0.1571,69,17365.71,116,0.101,110,0.0714,109,6558.75,157,15799.82,144,-0.07,146,0,173,14834.28,169,0.109,157,0.0429,139,12751,172,13082.33,198,16.017,200,0.0429,157
"193","E07000176","Rushcliffe",10218.06,277,15.198,274,0.0441,177,"5,374.25",300,-0.911,293,0,201,"5,262.16",315,5.775,313,0.0147,218,8666.2,280,0.054,281,0,209,3391.5,267,4659.17,299,-1.135,302,0,173,7931.11,294,0.059,293,0,201,6657,281,9826.86,273,12.123,270,0.0294,177
"194","E07000177","Cherwell",18435.97,115,24.32,91,0.172,59,"11,083.19",225,-0.431,226,0.0323,154,"16,767.26",143,21.259,134,0.0968,110,9715.57,264,0.059,259,0,209,4922.25,200,11555.07,197,-0.387,195,0.0215,137,10488.36,256,0.076,250,0,201,10871,197,15717.4,141,19.905,140,0.086,105
"195","E07000178","Oxford",19358.86,84,23.557,117,0.0482,172,"16,068.30",131,-0.042,133,0.0361,150,"12,841.21",232,16.468,206,0.0964,111,10209.98,254,0.061,254,0,209,6301.5,163,13214.39,177,-0.271,183,0.012,156,12838,211,0.093,201,0,201,14399,150,20913.39,62,27.418,67,0.0723,120
"196","E07000179","South Oxfordshire",15912.84,171,21.535,156,0.1573,66,"7,181.47",282,-0.774,281,0,201,"10,462.94",271,11.952,264,0.0225,202,6091.47,312,0.043,312,0,209,3259,271,3393.52,309,-1.24,306,0,173,7255.73,309,0.054,308,0,201,7422,264,11866.94,229,15.269,210,0.0674,126
"197","E07000180","Vale of White Horse",16884.68,152,21.93,150,0.0789,142,"4,967.31",302,-1.055,306,0,201,"10,792.57",266,11.619,267,0.0132,225,7508.93,298,0.048,297,0,209,3405.25,266,4177.27,305,-1.122,301,0,173,7863.63,297,0.057,296,0,201,7205,268,10436.24,264,12.408,267,0,251
"198","E07000181","West Oxfordshire",17419.08,144,22.444,142,0.1061,107,"4,795.19",304,-1.05,305,0,201,"12,407.41",241,13.309,246,0.0303,193,7187.26,300,0.048,300,0,209,2868.25,285,5356.64,292,-0.924,283,0,173,8196.41,290,0.059,292,0,201,6366,286,8675.89,285,11.238,282,0.0455,153
"199","E07000187","Mendip",17872.37,130,23.161,127,0.1212,94,"13,371.72",189,-0.242,192,0.0152,182,"16,220.70",154,17.677,188,0,243,15295,163,0.084,169,0.0303,145,5059.75,197,13194.45,179,-0.254,177,0.0152,149,14661.31,173,0.099,185,0.0303,162,11076,195,14281.1,174,19.1,154,0.0606,135
"200","E07000188","Sedgemoor",15687.18,176,20.938,169,0.1,114,"15,049.75",152,-0.083,148,0.0857,93,"18,870.78",107,25.31,104,0.1,108,17234.92,119,0.1,116,0.0714,109,6459.25,160,15530.35,148,-0.066,144,0.0286,126,16096.01,138,0.117,136,0.0571,124,14059,154,20941.51,61,28.549,58,0.2,42
"201","E07000189","South Somerset",18448.52,114,24.18,97,0.1165,100,"12,375.17",202,-0.307,200,0.0291,160,"16,956.84",138,20.102,146,0.0583,152,14398.62,175,0.08,178,0.0097,191,6960.5,145,13292.14,175,-0.25,176,0,173,13855.62,190,0.095,196,0,201,15678,139,17916.59,103,25.018,86,0.1553,59
"202","E07000192","Cannock Chase",10516.05,273,15.309,272,0,250,"14,198.59",171,-0.162,170,0,201,"22,049.13",37,30.143,52,0.1333,83,18644.99,89,0.105,96,0.05,129,6037.75,170,18313.93,106,0.131,107,0.0167,145,17614.68,112,0.127,114,0.0333,158,12486,178,13061.9,200,15.205,213,0,251
"203","E07000193","East Staffordshire",13613,231,18.783,223,0.0556,160,"13,813.02",177,-0.213,179,0.0139,185,"17,333.82",132,22.829,123,0.0694,137,15162.96,166,0.086,164,0.0278,147,5615.75,187,17041.68,126,0.043,126,0.0278,128,14045.17,185,0.103,175,0.0278,165,11788,183,20848.54,64,29.436,51,0.2222,36
"204","E07000194","Lichfield",14379.17,210,19.444,207,0.0517,164,"8,784.86",258,-0.595,252,0,201,"13,522.19",220,15.448,221,0.0345,186,13108.72,203,0.074,202,0.0172,172,4084.75,240,11086.27,205,-0.432,202,0,173,11955.24,225,0.084,223,0,201,8514,247,10092.4,269,11.842,276,0,251
"205","E07000195","Newcastle-under-Lyme",8307.06,297,13.123,297,0,250,"14,340.94",167,-0.162,169,0.0125,189,"17,344.43",131,23.163,122,0.125,88,17404.84,115,0.098,120,0.025,153,7269.75,139,20402.06,80,0.312,83,0.0625,100,15009.05,165,0.108,160,0.0125,189,13641,161,13540.75,192,16.399,196,0.025,185
"206","E07000196","South Staffordshire",12394.78,246,17.309,244,0.0588,158,"10,987.54",227,-0.425,222,0,201,"14,978.82",186,16.784,203,0.0147,218,12786.93,206,0.072,209,0,209,4238,235,10369.49,214,-0.484,211,0,173,12388.74,216,0.086,217,0,201,9224,229,14651.95,165,17.731,174,0.0294,177
"207","E07000197","Stafford",15939.74,170,21.42,161,0.125,88,"9,713.51",244,-0.582,248,0,201,"12,389.08",242,13.947,238,0.0125,228,12769.9,207,0.075,198,0.0125,183,5484.5,190,13592.73,172,-0.216,172,0.025,133,10634.26,252,0.078,239,0.0125,189,10227,210,12093.81,223,15.299,209,0.0625,131
"208","E07000198","Staffordshire Moorlands",13896.45,221,19.592,200,0.1186,98,"9,192.58",250,-0.597,253,0,201,"15,997.43",160,18.228,178,0.0508,166,14523.43,173,0.081,175,0,209,4282,230,13201.57,178,-0.249,175,0,173,11943.17,227,0.084,221,0,201,8220,253,15428.65,149,20.639,134,0.1186,81
"209","E07000199","Tamworth",14747.36,196,19.193,213,0,250,"17,463.19",112,0.081,114,0,201,"22,213.49",32,30.922,45,0.1765,56,16859.55,126,0.096,125,0.0392,135,4276.25,231,19957.02,89,0.27,90,0.0784,93,16773.97,119,0.126,118,0.0784,101,9677,222,9013.4,282,10.662,284,0,251
"210","E07000200","Babergh",21735.51,45,27.848,39,0.1852,51,"11,650.41",212,-0.362,208,0,201,"15,527.03",173,17.815,185,0.037,183,11616.86,228,0.066,229,0,209,3059.75,281,7985.09,257,-0.693,255,0,173,11949.43,226,0.08,233,0,201,7186,269,15423.2,150,19.409,150,0.037,164
"211","E07000202","Ipswich",14541.96,203,19.255,210,0.0118,230,"21,556.09",52,0.409,53,0.1647,47,"22,140.56",35,33.404,31,0.2353,27,18849.55,84,0.109,86,0.1294,76,8935.5,115,21564.08,69,0.396,71,0.0824,89,18712.67,85,0.141,89,0.0706,109,19401,116,19293.52,78,25.099,84,0.0941,95
"212","E07000203","Mid Suffolk",21781.7,43,29.028,29,0.3571,16,"8,688.97",260,-0.642,258,0,201,"14,893.47",189,15.8,214,0.0357,185,9422.86,268,0.056,269,0.0179,169,3025.75,283,5767.72,285,-0.907,279,0,173,10358.75,261,0.071,264,0,201,7040,272,17166.49,119,22.648,110,0.1071,86
"213","E07000207","Elmbridge",14887.98,193,19.823,195,0.0494,167,"13,365.62",191,-0.223,184,0,201,"6,397.52",310,7.012,306,0.0123,229,6261.14,311,0.043,311,0,209,3196.75,276,2960.17,311,-1.478,313,0,173,7461.17,306,0.057,299,0,201,7629,261,11497.13,240,13.087,257,0,251
"214","E07000208","Epsom and Ewell",16547.63,162,20.907,170,0.0455,174,"15,562.24",143,-0.057,140,0,201,"8,133.00",301,8.46,298,0,243,6970.82,305,0.047,302,0,209,2095,305,4542.93,300,-1.138,303,0,173,7493.19,305,0.056,301,0,201,4385,305,11992.66,225,13.507,246,0,251
"215","E07000209","Guildford",17583,139,22.506,140,0.0952,120,"9,974.96",235,-0.522,236,0,201,"9,435.08",285,11.311,268,0.0238,200,6963.98,306,0.045,308,0,209,4002.75,247,6245.91,279,-0.968,288,0,173,7634.53,300,0.057,297,0,201,8220,253,12394.04,210,14.622,222,0.0238,188
"216","E07000210","Mole Valley",18068.87,124,23.756,109,0.1296,86,"9,876.57",239,-0.492,232,0,201,"8,505.74",297,9.002,293,0.0185,209,8086.41,288,0.051,289,0,209,2355.5,295,6409.21,277,-0.867,273,0,173,7243.04,310,0.054,309,0,201,4663,303,13717.47,186,16.585,191,0.0185,206
"217","E07000211","Reigate and Banstead",18216.14,119,23.293,123,0.0814,138,"13,577.14",183,-0.217,181,0,201,"10,945.26",264,11.92,265,0.0116,232,8885.62,278,0.055,277,0,209,4449,223,8551.85,252,-0.671,252,0,173,9412.92,273,0.067,275,0,201,9557,225,14249.48,175,16.324,197,0,251
"218","E07000212","Runnymede",22019.54,40,27.105,46,0.1538,68,"15,010.36",154,-0.095,149,0,201,"12,448.27",240,13.543,241,0.0192,207,7772.84,293,0.047,301,0,209,2462,293,7551.09,263,-0.78,265,0,173,9479.14,272,0.066,278,0,201,5555,292,16036.37,136,18.575,164,0,251
"219","E07000213","Spelthorne",22347.27,37,26.914,50,0.0833,136,"17,097.01",120,0.053,120,0.0167,179,"15,927.45",163,18.213,180,0,243,10765.63,243,0.061,251,0,209,3463.75,263,9353.93,232,-0.56,229,0,173,11645.83,234,0.079,234,0,201,7723,259,19938.71,75,23.911,99,0.0167,214
"220","E07000214","Surrey Heath",17419.74,143,22.036,148,0.0364,190,"8,588.34",262,-0.653,262,0,201,"8,981.04",289,9.757,286,0.0182,210,6380.23,310,0.044,309,0,209,2175.5,303,6086.46,284,-0.95,284,0,173,6778.02,313,0.054,311,0,201,4665,302,8344.25,288,9.851,290,0,251
"221","E07000215","Tandridge",18423.23,116,23.931,101,0.1,114,"17,815.75",103,0.108,105,0,201,"12,269.92",245,12.767,251,0,243,9340.48,269,0.054,280,0,209,2555.25,292,8623.36,251,-0.654,247,0,173,9374.6,275,0.063,285,0,201,5398,294,14434.97,169,16.917,187,0,251
"222","E07000216","Waverley",14479.8,207,19.499,205,0.0488,170,"7,297.95",280,-0.751,278,0,201,"7,142.90",305,7.59,304,0,243,7649.65,296,0.049,295,0,209,3216.75,274,6217.71,280,-0.917,282,0,173,7331.44,307,0.054,307,0,201,6684,279,7747.11,292,9.515,294,0,251
"223","E07000217","Woking",19300.89,85,23.576,116,0.0328,196,"13,392.76",188,-0.235,188,0,201,"9,257.91",287,10.152,284,0,243,8929.98,277,0.055,275,0,209,3199.25,275,8691.78,248,-0.655,248,0,173,9327.69,277,0.067,273,0,201,6761,278,11364.53,242,13.645,245,0.0164,216
"224","E07000218","North Warwickshire",15841.97,172,21.346,162,0.1053,108,"15,408.39",145,-0.067,145,0.0263,166,"19,970.73",78,25.791,97,0.0789,128,14619.88,171,0.08,177,0.0263,151,2833.5,286,15018.85,155,-0.109,154,0,173,14249.87,178,0.097,190,0.0263,168,6059,289,18195.43,97,22.43,114,0.0789,114
"225","E07000219","Nuneaton and Bedworth",12997.73,237,17.657,237,0.0123,227,"20,106.53",73,0.295,72,0.0988,86,"21,244.44",53,30.122,53,0.1358,79,19643.14,69,0.113,79,0.0864,96,8114.5,130,20248.27,84,0.279,87,0.037,119,18100.39,102,0.136,99,0.0494,130,17123,131,15338.7,151,18.541,165,0.0123,228
"226","E07000220","Rugby",15818.4,173,21.335,163,0.0984,117,"15,608.10",142,-0.064,142,0.0164,180,"13,541.61",219,15.666,217,0.0164,217,12038.75,222,0.069,218,0,209,4039.75,242,11523.83,198,-0.395,198,0,173,12427.61,215,0.087,214,0,201,8992,236,14450.99,168,17.229,183,0,251
"227","E07000221","Stratford-on-Avon",19528.01,82,25.426,70,0.1644,62,"9,830.88",241,-0.512,234,0,201,"8,947.82",290,9.137,291,0,243,9322.19,271,0.056,273,0,209,3605,260,8642.1,250,-0.626,245,0,173,9913.54,264,0.068,269,0,201,8290,252,18134.57,100,23.282,105,0.0822,112
"228","E07000222","Warwick",16337.17,164,21.527,157,0.0465,173,"13,767.60",179,-0.199,175,0.0465,130,"8,677.13",291,9.664,288,0.0116,232,9685.26,265,0.057,268,0.0116,186,4720.25,211,12258.91,190,-0.351,192,0,173,9794.58,267,0.07,266,0,201,9663,223,14349.39,171,17.826,173,0.0349,167
"229","E07000223","Adur",13098.12,236,17.69,236,0,250,"11,667.59",211,-0.366,210,0,201,"20,380.46",71,26.162,92,0.0714,135,16343.82,139,0.089,156,0,209,3040,282,15929.47,141,-0.055,142,0,173,15848.6,143,0.108,163,0,201,6817,276,17462.57,116,20.329,135,0,251
"230","E07000224","Arun",20091.73,66,24.554,87,0.0745,145,"13,282.76",192,-0.236,190,0.0426,134,"19,401.22",89,24.399,115,0.0851,121,16655.74,134,0.09,154,0.0319,143,7010.75,143,18136.9,110,0.128,108,0.0532,106,15274.49,156,0.104,172,0.0106,191,16013,135,11543.43,239,14.402,226,0.0213,195
"231","E07000225","Chichester",19883.03,69,25.712,65,0.2113,39,"8,531.17",263,-0.622,256,0,201,"13,324.45",226,14.874,230,0,243,11332.42,232,0.064,239,0,209,3911.25,249,10887.71,208,-0.453,206,0,173,11724.8,233,0.079,235,0,201,9265,228,17785.45,107,24.211,95,0.1972,43
"232","E07000226","Crawley",22346.26,38,26.824,51,0.0909,127,"17,385.42",116,0.047,121,0,201,"21,406.00",50,27.892,70,0.0758,133,14478.4,174,0.077,191,0,209,5170,194,15831.72,142,-0.082,149,0,173,16256.09,133,0.11,152,0.0152,184,12104,181,12482.74,207,14.368,228,0,251
"233","E07000227","Horsham",19637.03,77,25.377,74,0.1605,65,"7,508.00",276,-0.718,271,0,201,"9,642.88",283,9.597,289,0,243,7986.22,289,0.051,288,0,209,3745.5,255,6301.6,278,-0.894,277,0,173,7604.07,301,0.056,306,0,201,7516,262,12207.8,217,16.75,189,0.0864,103
"234","E07000228","Mid Sussex",15117.11,188,19.913,190,0.0349,193,"8,165.18",268,-0.674,267,0,201,"9,842.99",280,10.357,281,0.0116,232,6778.01,307,0.046,306,0,209,3718.25,257,3607.01,308,-1.227,305,0,173,7016.06,311,0.053,312,0,201,7703,260,9374.9,279,12.129,269,0.0465,151
"235","E07000229","Worthing",11230.72,259,15.978,261,0,250,"11,111.49",224,-0.398,216,0.0308,157,"16,236.92",153,18.582,170,0.0308,192,16491.4,138,0.09,152,0.0308,144,5377.75,193,15443.06,150,-0.085,150,0.0308,124,14746.93,170,0.101,179,0,201,10856,198,21280.06,57,27.815,64,0.0923,96
"236","E07000234","Bromsgrove",14525.38,204,19.198,212,0.0517,164,"14,738.23",160,-0.148,164,0.0345,151,"10,167.71",275,11.127,269,0,243,10870.16,242,0.064,237,0,209,3327,269,10546.55,212,-0.481,210,0.0172,141,9871.91,265,0.073,258,0,201,6870,275,9940.99,271,12.136,268,0.0172,210
"237","E07000235","Malvern Hills",20651.09,59,27.492,41,0.2444,29,"10,604.27",231,-0.431,224,0,201,"10,069.71",278,11.978,262,0.0444,174,13861.1,185,0.08,181,0.0444,133,3083.75,280,8911.91,243,-0.603,240,0,173,13019.96,206,0.092,204,0.0444,138,6958,273,19939.04,74,27.831,63,0.2444,30
"238","E07000236","Redditch",23879.33,29,29.861,26,0.2909,22,"15,806.47",138,-0.065,143,0,201,"20,258.14",74,28.201,66,0.1636,63,16705.65,132,0.099,118,0.0727,107,4833.75,205,20900.23,74,0.362,77,0.0909,85,16163.21,135,0.124,122,0.0364,149,10458,205,6738.41,303,8.412,303,0,251
"239","E07000237","Worcester",15632.29,178,19.851,193,0,250,"17,247.62",119,0.087,111,0.1111,75,"14,325.12",201,20.437,144,0.1587,68,15313.58,162,0.092,139,0.1111,83,5632.5,186,16691.26,128,0.038,127,0.0794,91,15147.62,161,0.117,138,0.1429,58,11740,185,19099.66,86,26.35,72,0.1905,47
"240","E07000238","Wychavon",21016.9,54,27.306,44,0.2949,21,"12,244.91",205,-0.323,203,0.0385,145,"14,781.43",192,17.675,189,0.0513,165,13141.5,202,0.073,204,0.0128,182,4740,210,9599.94,224,-0.559,228,0,173,12370.51,217,0.085,219,0,201,10288,208,17635.66,112,22.46,113,0.0769,115
"241","E07000239","Wyre Forest",18556.48,111,23.971,100,0.1538,68,"17,417.81",114,0.083,112,0.0615,112,"19,045.28",101,25.827,96,0.1077,102,18636.27,91,0.108,89,0.0615,115,5753,178,15633.74,145,-0.058,143,0.0154,148,16926.25,117,0.127,113,0.0462,134,12639,175,17697.6,108,23.294,104,0.1077,85
"242","E07000240","St Albans",17660.89,138,22.153,146,0.023,211,"13,142.91",195,-0.262,194,0.023,169,"4,881.15",316,4.864,316,0,243,7806.19,292,0.049,294,0,209,4067,241,3639.26,307,-1.31,310,0,173,8142.45,291,0.06,290,0,201,8645,244,9716.64,275,11.486,278,0,251
"243","E07000241","Welwyn Hatfield",20794.72,57,26.247,57,0.1194,96,"14,732.37",161,-0.142,162,0.0299,158,"14,429.27",200,16.161,211,0,243,11128.89,237,0.063,243,0,209,4610.75,216,11349.93,201,-0.446,204,0,173,12846.88,210,0.086,215,0,201,10130,212,10746.46,256,12.436,266,0,251
"244","E07000242","East Hertfordshire",14625.61,201,20.16,185,0.0952,120,"11,183.16",221,-0.404,218,0,201,"8,608.04",294,8.693,295,0,243,7176.47,301,0.048,298,0,209,4004.75,246,2935.03,312,-1.425,312,0,173,8231.83,289,0.06,289,0,201,8553,245,9135.73,281,11.087,283,0.0119,232
"245","E07000243","Stevenage",19900.45,68,24.367,90,0.0577,159,"18,718.69",91,0.17,94,0.0577,115,"21,051.98",60,25.396,103,0,243,17754.29,108,0.094,131,0,209,4874.5,203,15390.63,152,-0.094,153,0,173,18289.75,100,0.122,128,0,201,10497,204,10099.23,268,11.578,277,0,251
"246","E07000244","East Suffolk",14390.92,209,20.053,187,0.089,130,"11,322.14",217,-0.414,220,0.0479,128,"18,491.08",113,24.332,116,0.1096,100,16095.03,143,0.098,119,0.0753,102,12136,88,14585.49,159,-0.132,159,0.0479,111,14902.75,167,0.112,147,0.0616,117,27000,88,16258.85,133,22.849,108,0.1781,53
"247","E07000245","West Suffolk",24422.37,25,31.61,20,0.27,25,"12,690.62",198,-0.315,201,0,201,"18,708.21",110,23.483,120,0.08,126,11706.69,227,0.066,228,0,209,6479.25,158,12456.95,187,-0.32,188,0,173,12029.67,224,0.081,231,0,201,14131,153,11339.44,243,14.182,233,0.02,200
"248","E07000246","Somerset West and Taunton",19553.97,81,25.368,75,0.1818,55,"13,451.67",186,-0.216,180,0.0568,118,"15,605.04",170,18.929,162,0.0568,157,15903.45,152,0.089,157,0.0341,141,6996.5,144,15595.44,146,-0.07,145,0.0227,134,14859,168,0.104,173,0.0341,155,15336,143,17675.1,110,25.147,83,0.1818,50
"249","E08000001","Bolton",9370.63,285,14.162,285,0,250,"24,179.61",17,0.71,13,0.339,12,"19,121.70",99,26.349,90,0.1356,80,21978.37,42,0.143,36,0.2316,36,22974,21,23322.94,51,0.589,50,0.1921,49,21017.76,44,0.186,29,0.2768,20,52234,24,19230.09,80,25.702,80,0.1525,60
"250","E08000002","Bury",10301.02,275,15.122,277,0.0083,237,"21,587.76",51,0.419,50,0.1333,60,"15,524.98",174,18.863,164,0.0417,179,20300.49,61,0.124,57,0.15,64,13175.5,79,20119.93,88,0.308,84,0.1083,79,18325.21,97,0.145,83,0.1,82,27069,87,16953.31,124,21.779,124,0.0833,108
"251","E08000003","Manchester",21799.02,42,25.867,63,0.0319,198,"29,143.59",1,1.206,1,0.6135,1,"20,315.57",72,28.119,67,0.1454,74,20752.92,55,0.139,39,0.3369,10,49276.25,4,28758.54,5,1.198,5,0.5213,6,23740.67,12,0.219,8,0.3936,6,115859,2,23165.81,40,32.229,42,0.1915,45
"252","E08000004","Oldham",6862.47,307,11.841,307,0,250,"26,035.36",5,0.863,5,0.3759,8,"22,314.79",30,35.509,23,0.2979,11,22304.51,36,0.145,32,0.2766,22,18781,46,24126.59,42,0.663,40,0.2411,36,21700.43,33,0.193,21,0.2624,23,44367,39,21550.88,56,27.966,61,0.0993,91
"253","E08000005","Rochdale",13790.64,225,18.234,231,0,250,"27,308.41",2,0.936,2,0.4179,4,"21,444.07",48,31.135,43,0.1567,70,23886.33,14,0.158,16,0.2761,23,19385,44,26006.26,18,0.842,21,0.2761,31,22687.3,22,0.201,15,0.2985,13,42901,44,15645.82,145,19.437,149,0.0448,155
"254","E08000006","Salford",14523.96,205,18.988,218,0.0067,245,"24,368.71",14,0.686,16,0.3133,18,"21,216.13",54,30.934,44,0.18,52,22007.67,41,0.147,30,0.3,17,21969.75,27,26873.36,12,0.995,12,0.44,11,21834.57,32,0.191,24,0.26,25,46713,37,19158.34,83,24.23,94,0.0533,147
"255","E08000007","Stockport",8844.5,292,13.719,290,0,250,"20,734.92",65,0.337,65,0.1316,64,"13,357.12",224,17.933,183,0.0632,141,16824.97,127,0.104,100,0.1,88,16739.75,56,20158.46,86,0.355,78,0.1211,73,15335.23,155,0.12,135,0.0842,95,34402,62,15670.96,143,19.783,141,0.0579,138
"256","E08000008","Tameside",10699.97,271,15.518,270,0,250,"25,282.55",10,0.721,12,0.2695,22,"21,312.23",51,29.128,61,0.1348,82,22930.29,27,0.143,37,0.1986,43,18282.25,47,26174.92,16,0.855,19,0.2979,25,21655.26,34,0.175,37,0.1702,47,38768,52,19192.94,81,24.589,93,0.0922,97
"257","E08000009","Trafford",8948.33,291,13.794,289,0.0072,242,"15,617.37",141,-0.052,138,0.0217,171,"9,298.89",286,10.656,275,0.0145,220,14864.74,168,0.09,155,0.058,119,11888.25,91,15494.09,149,-0.072,147,0.0507,109,13768.79,191,0.107,166,0.0725,107,24819,98,17147.56,121,21.069,131,0.029,179
"258","E08000010","Wigan",7975.83,301,12.808,300,0,250,"20,732.80",66,0.386,59,0.21,37,"18,909.91",104,26.672,86,0.14,78,20917.19,52,0.131,50,0.19,49,24275.75,18,23500.93,47,0.618,46,0.215,41,18297.09,98,0.148,77,0.135,62,47575,36,10850.04,254,13.392,248,0.02,200
"259","E08000011","Knowsley",13899.13,220,18.365,229,0,250,"19,403.49",82,0.22,83,0.0408,140,"24,731.84",6,41.894,3,0.4286,1,26493.5,1,0.202,2,0.5,1,17294,53,29470.45,2,1.381,2,0.6122,3,25298.39,3,0.251,2,0.4694,2,36950,55,22007.28,52,27.953,62,0.051,148
"260","E08000012","Liverpool",10181.27,278,14.926,280,0.0034,248,"23,448.06",23,0.591,22,0.2416,26,"21,747.23",43,33.793,29,0.2483,26,23832.69,16,0.176,5,0.4799,3,54245.25,2,28926.79,3,1.347,3,0.6577,2,24161.11,7,0.235,4,0.4463,3,112497,3,26659.61,8,42.039,5,0.4597,9
"261","E08000013","St. Helens",7823.04,302,12.704,301,0,250,"18,932.66",86,0.201,87,0.1008,83,"19,193.09",94,27.804,72,0.1597,67,24226.92,11,0.165,9,0.2941,19,16585.5,58,27484.34,10,1.069,8,0.4202,13,20917.03,47,0.182,34,0.2269,32,32195,71,15140.36,155,18.217,169,0.0336,169
"262","E08000014","Sefton",6123.18,310,10.865,309,0,250,"15,157.33",147,-0.08,147,0.0847,94,"15,965.40",162,20.557,140,0.1111,98,22201.5,39,0.148,29,0.254,28,22135,25,24439.42,37,0.75,29,0.291,27,19467.65,67,0.162,55,0.2116,34,44186,40,18658.77,90,24.85,88,0.1429,66
"263","E08000015","Wirral",5587.71,313,10.343,313,0.0049,246,"15,864.22",135,-0.053,139,0.1068,79,"15,413.00",177,21.595,130,0.1262,87,22382.97,33,0.157,17,0.2864,20,27742.25,13,25722.27,25,0.962,13,0.3495,19,19455.3,69,0.174,38,0.2427,29,55876,18,20692.36,66,27.427,66,0.1456,65
"264","E08000016","Barnsley",5725.4,312,10.589,311,0.0068,243,"22,772.30",31,0.514,31,0.2177,34,"23,455.56",16,37.029,15,0.2857,14,23510.79,21,0.149,27,0.2653,26,20651.75,36,25989.9,19,0.839,22,0.3469,21,21297.26,41,0.169,43,0.1837,42,40533,48,6735.73,304,8.384,304,0,251
"265","E08000017","Doncaster",11103.65,262,16.173,260,0.0206,215,"24,446.90",12,0.703,14,0.3247,15,"23,265.62",20,39.72,5,0.3763,4,22350.03,34,0.137,41,0.1959,45,23702.25,20,24442.4,36,0.665,39,0.201,48,20543.89,54,0.166,48,0.1649,49,50060,28,10952.06,253,13.344,249,0.0206,197
"266","E08000018","Rotherham",8226.01,298,13.09,298,0,250,"21,961.10",47,0.449,46,0.1856,41,"21,540.05",46,33.365,32,0.2335,29,22448.24,32,0.144,33,0.2695,25,21197.75,29,25795.63,22,0.817,25,0.2934,26,20359.61,55,0.168,45,0.1976,39,43820,41,12169.15,220,14.393,227,0.012,231
"267","E08000019","Sheffield",12508.58,245,17.196,246,0.0087,236,"20,834.75",61,0.38,60,0.1971,38,"18,492.75",112,29.183,60,0.2522,25,17409.51,114,0.116,71,0.2522,30,40436,7,21690.13,66,0.456,63,0.2058,47,17974.22,105,0.156,62,0.2348,30,88586,6,16464.04,129,20.887,133,0.0609,134
"268","E08000021","Newcastle upon Tyne",12946.6,240,17.401,243,0,250,"21,490.68",54,0.461,42,0.24,27,"18,823.83",109,28.68,63,0.2057,39,17961.39,104,0.128,55,0.2743,24,23755.5,19,24938.33,30,0.815,26,0.36,17,19270.15,74,0.178,36,0.28,19,51796,25,9891.94,272,12.046,271,0.0114,234
"269","E08000022","North Tyneside",10579.02,272,15.238,273,0,250,"17,969.27",102,0.157,96,0.1145,71,"16,109.88",159,20.683,137,0.0534,163,19945.67,68,0.122,61,0.1298,75,14277.25,70,21537.8,70,0.43,65,0.1527,62,18163.58,101,0.144,84,0.0992,84,29164,83,4545.17,311,5.879,312,0,251
"270","E08000023","South Tyneside",11013.03,266,15.787,266,0.0098,234,"20,670.52",69,0.333,67,0.1078,78,"20,234.35",75,27.364,77,0.0784,130,25487.79,3,0.172,6,0.4118,7,14685,69,26265.39,15,0.863,17,0.402,14,23669.68,13,0.206,12,0.3333,9,30592,78,3333.33,315,4.609,314,0,251
"271","E08000024","Sunderland",8596.68,295,13.346,295,0,250,"21,174.53",57,0.409,55,0.1784,42,"21,185.42",56,30.423,49,0.2162,35,24627.03,6,0.161,13,0.3189,13,26119.5,15,25930.73,20,0.828,23,0.3297,23,22613.33,24,0.192,22,0.2541,27,53151,21,3352.78,314,4.528,316,0,251
"272","E08000025","Birmingham",25881.94,18,31.628,19,0.169,61,"20,802.84",62,0.335,66,0.1111,75,"21,418.15",49,32.085,41,0.2347,28,23248.59,24,0.153,20,0.3396,9,101452.25,1,24549.59,33,0.67,37,0.216,40,24146.67,8,0.222,7,0.3975,5,246327,1,27301.76,7,40.841,9,0.4147,12
"273","E08000026","Coventry",16810.26,155,21.224,165,0.0256,206,"17,482.19",110,0.068,117,0.041,139,"19,147.88",98,25.238,105,0.0923,116,17527.8,112,0.105,95,0.1128,82,22571.5,23,20829.58,76,0.367,76,0.1282,69,19140.02,76,0.154,68,0.159,50,53033,22,23434.43,35,32.103,43,0.1949,44
"274","E08000027","Dudley",7550.95,303,12.587,302,0,250,"14,958.02",155,-0.131,157,0.01,194,"19,898.15",81,28.321,65,0.1493,71,20352.07,60,0.124,58,0.1443,69,21747.5,28,20158.24,87,0.287,86,0.0647,99,19320.26,73,0.156,60,0.1393,60,49277,30,18972.72,88,24.049,98,0.0547,145
"275","E08000028","Sandwell",16766.64,156,20.866,172,0,250,"20,248.91",72,0.277,75,0.0269,165,"24,619.95",7,36.936,16,0.2097,36,24479.26,8,0.15,25,0.2043,41,27754,12,25222.28,27,0.705,33,0.1344,67,25338.48,2,0.215,9,0.2634,22,68648,9,26505.17,9,37.156,17,0.2312,34
"276","E08000029","Solihull",16935.29,150,21.459,159,0.0224,213,"14,762.94",159,-0.138,160,0.0448,132,"13,356.71",225,18.354,174,0.1418,76,13736.75,190,0.09,151,0.1493,65,10375.75,104,13303.28,174,-0.256,178,0.0597,102,13228.59,201,0.108,158,0.1343,63,22775,103,11048.97,252,13.257,250,0.0075,246
"277","E08000030","Walsall",13669.53,229,18.097,234,0,250,"18,832.16",89,0.171,93,0.0599,113,"23,183.92",21,37.845,11,0.2814,17,22752.13,29,0.143,38,0.1976,44,22103.5,26,23275.87,52,0.562,53,0.1377,65,22685.85,23,0.2,16,0.3174,11,54972,19,21081.75,58,26.678,68,0.0539,146
"278","E08000031","Wolverhampton",16367.68,163,20.63,178,0.0127,226,"17,506.54",109,0.066,119,0.0316,156,"22,014.96",38,31.717,42,0.1772,54,24570.06,7,0.154,19,0.2532,29,22715.5,22,24179.88,40,0.607,48,0.0949,84,24380.35,6,0.211,11,0.2975,14,53757,20,20978.84,60,26.558,70,0.0316,172
"279","E08000032","Bradford",11924.81,248,16.485,253,0,250,"26,147.66",4,0.919,3,0.4677,2,"22,465.53",26,37.34,13,0.329,6,21616.58,45,0.137,42,0.1903,48,41060.25,6,23957.61,44,0.632,45,0.1806,51,21639.97,35,0.189,27,0.2806,18,100023,5,24327.29,29,36.543,19,0.3419,21
"280","E08000033","Calderdale",8094.34,299,12.989,299,0.0078,240,"23,277.21",25,0.573,24,0.2344,29,"16,262.51",152,21.575,133,0.1328,84,19377.41,75,0.118,68,0.1484,66,13991.25,74,19614.56,91,0.264,92,0.1094,77,18384.88,93,0.149,75,0.1563,53,30899,76,25758.85,18,38.369,14,0.375,17
"281","E08000034","Kirklees",13836.32,224,18.323,230,0.0039,247,"22,215.03",39,0.483,39,0.1776,43,"18,300.71",118,25.144,106,0.1467,73,19027.78,81,0.113,76,0.0927,93,28204,11,18537.4,102,0.166,102,0.0541,105,18349.78,96,0.143,87,0.1042,80,61783,13,22847.58,44,31.195,45,0.2046,41
"282","E08000035","Leeds",10713.18,270,15.464,271,0.0021,249,"23,334.60",24,0.666,18,0.3465,11,"17,439.36",130,26.25,91,0.1971,44,16747.42,131,0.107,92,0.1743,56,50428.75,3,21172.89,72,0.415,69,0.1743,52,17078.98,116,0.143,86,0.1805,44,110344,4,23871.01,32,35.006,26,0.2469,29
"283","E08000036","Wakefield",11041.47,265,15.797,265,0,250,"22,522.64",35,0.514,32,0.2392,28,"22,474.23",25,35.794,20,0.2823,15,21419.35,46,0.132,49,0.1914,47,25214.5,17,22990.82,57,0.539,56,0.1531,61,19052.86,79,0.147,79,0.0957,88,48728,32,11917.94,227,14.29,230,0.0096,239
"284","E08000037","Gateshead",13138.31,235,17.644,238,0,250,"20,698.20",67,0.357,62,0.1905,39,"19,568.31",86,26.881,83,0.127,86,22487.18,30,0.139,40,0.2063,40,16339,60,25722.68,24,0.824,24,0.3333,22,20955.38,46,0.167,47,0.1587,51,33655,66,9400.68,278,11.259,280,0,251
"285","E09000001","City of London",28055.83,10,35.656,10,0.6667,5,"1,234.77",317,-1.656,317,0,201,"5,270.42",314,5.457,314,0,243,8325.25,286,0.052,286,0,209,218.5,316,8758.28,247,-0.686,254,0,173,8079.96,292,0.065,280,0,201,431,316,26411.2,10,38.972,13,0.3333,22
"286","E09000002","Barking and Dagenham",31669.68,2,46.252,2,0.9364,3,"23,668.31",21,0.542,28,0.1455,55,"21,696.36",44,25.513,101,0,243,21951.08,43,0.117,70,0,209,14074.75,73,19499.67,94,0.204,96,0.0091,162,25142.65,4,0.194,20,0.0455,136,39254,51,23068.52,41,29.103,52,0.0364,165
"287","E09000003","Barnet",25355.61,20,31.211,21,0.2038,42,"17,479.54",111,0.082,113,0.0237,168,"7,894.57",302,7.83,302,0,243,13169.08,201,0.073,205,0,209,16661,57,5011.83,297,-1.074,298,0,173,16104.14,137,0.111,149,0.0142,185,41746,45,20275.3,71,24.662,91,0.0237,191
"288","E09000004","Bexley",20691.02,58,25.879,61,0.1164,101,"14,596.54",165,-0.13,156,0.0205,172,"16,899.32",140,18.331,175,0.0068,241,13522.24,194,0.077,193,0.0068,203,10756,98,9446.18,228,-0.561,230,0,173,14732.31,171,0.106,170,0.0068,198,25467,95,16997.02,123,19.754,144,0,251
"289","E09000005","Brent",30661.44,4,42.783,3,0.7746,4,"21,996.41",45,0.428,49,0.1156,68,"14,477.31",199,15.223,225,0,243,17690.55,110,0.097,122,0.0462,132,19894.75,42,10642.83,210,-0.453,207,0,173,21445.28,38,0.155,65,0.0867,92,50137,27,22811.33,46,28.694,54,0.0289,180
"290","E09000006","Bromley",22995.08,32,27.839,40,0.1015,112,"15,906.40",132,-0.038,132,0.0558,121,"9,841.18",281,10.551,277,0,243,11414.44,231,0.068,224,0.0051,208,12757.5,82,6522.48,275,-0.908,280,0,173,12232.82,219,0.091,207,0.0457,135,29540,82,15732.96,140,18.37,166,0,251
"291","E09000007","Camden",17780.12,132,21.611,152,0,250,"20,400.70",70,0.325,69,0.1128,72,"10,337.67",274,10.523,279,0,243,15925.88,151,0.091,148,0.0075,199,14945.5,66,10894.25,207,-0.556,227,0,173,18655.58,87,0.141,90,0.0827,97,34330,63,24878.54,22,33.469,35,0.1429,66
"292","E09000008","Croydon",27123.37,15,33.996,14,0.3773,14,"20,068.76",74,0.28,74,0.0545,122,"14,304.06",203,15.577,220,0.0136,224,16769.54,128,0.092,143,0.0091,195,20961.25,32,14352.64,165,-0.174,165,0.0045,172,18584.17,89,0.136,97,0.0636,115,51702,26,20381.04,69,26.027,77,0.0636,130
"293","E09000009","Ealing",28039.43,11,36.52,6,0.4592,9,"19,489.68",80,0.239,79,0.0765,99,"12,144.39",246,12.546,253,0,243,16590.67,136,0.091,146,0.0204,161,19506.75,43,12374.12,189,-0.326,189,0,173,19531.3,63,0.14,94,0.0663,114,48235,34,23725.05,34,30.34,46,0.0408,161
"294","E09000010","Enfield",29478.86,5,39.666,5,0.6066,6,"19,084.38",84,0.199,89,0.0383,147,"16,856.02",141,20.255,145,0.0055,242,18498.48,92,0.102,104,0.0164,176,20119.5,40,9915.35,221,-0.535,222,0,173,21937.49,30,0.171,41,0.1311,65,56010,17,21993.3,53,27.479,65,0.0273,182
"295","E09000011","Greenwich",26085.3,17,32.314,17,0.298,20,"22,514.66",36,0.457,45,0.0927,91,"14,736.50",193,15.639,218,0,243,18637.72,90,0.102,107,0.0199,166,17715.5,51,16405.44,132,-0.021,134,0.0066,169,21413.39,39,0.159,57,0.0596,120,43334,43,20159.67,73,24.635,92,0.0331,170
"296","E09000012","Hackney",31221.78,3,42.745,4,0.9375,2,"24,250.45",15,0.621,20,0.2292,30,"13,748.71",214,14.972,229,0.0069,239,20677.29,57,0.114,75,0.0347,139,21033.5,31,21637.86,67,0.371,75,0.0208,139,24634.73,5,0.196,19,0.1944,40,52473,23,26058.36,14,36.053,21,0.1667,55
"297","E09000013","Hammersmith and Fulham",23737.61,30,28.264,34,0.0708,150,"21,048.91",58,0.34,63,0.0619,110,"8,311.52",299,8.141,300,0,243,16749.6,130,0.094,133,0.0177,170,11701.75,92,16097.84,137,-0.05,141,0.0088,163,19094.27,78,0.142,88,0.0708,108,25704,94,26012.37,16,35.009,25,0.1416,68
"298","E09000014","Haringey",28056.13,9,35.08,12,0.3793,13,"25,422.81",9,0.732,11,0.2552,25,"15,035.52",184,17.6,190,0,243,18938.84,83,0.106,93,0.0483,130,18886.75,45,15019.95,154,-0.128,157,0.0069,168,21844.21,31,0.17,42,0.131,66,45603,38,25874.06,17,34.361,30,0.069,123
"299","E09000015","Harrow",27314.47,14,33.882,15,0.2774,24,"14,342.34",166,-0.143,163,0,201,"8,315.35",298,8.044,301,0,243,12069.09,220,0.067,227,0,209,9792,109,4759.98,298,-1.04,293,0,173,16269.79,132,0.109,156,0,201,26735,90,16503.93,127,18.953,156,0,251
"300","E09000016","Havering",18308.74,118,22.713,136,0.04,184,"18,056.27",97,0.13,100,0.04,143,"19,190.20",95,22.594,126,0.0267,198,14074.24,183,0.078,186,0.0067,204,11171.25,97,9832.92,222,-0.538,223,0,173,15178.08,159,0.108,162,0.0267,167,26766,89,14618.78,166,16.749,190,0,251
"301","E09000017","Hillingdon",23978.65,28,29.628,27,0.1615,64,"19,392.72",83,0.235,81,0.0683,105,"15,003.75",185,16.402,209,0,243,13767.66,188,0.075,197,0,209,13440.25,76,11646.64,194,-0.379,193,0,173,16509.21,126,0.114,142,0.0062,199,33575,67,17275.15,117,20.298,136,0.0062,250
"302","E09000018","Hounslow",27890.83,12,35.101,11,0.4225,11,"21,438.87",55,0.373,61,0.0845,95,"12,471.62",239,13.287,247,0,243,14821.52,169,0.079,183,0.007,200,13243.75,77,12989.84,181,-0.27,182,0,173,18673.16,86,0.129,111,0.0141,186,34173,64,23240.4,36,29.818,48,0.0563,142
"303","E09000019","Islington",24133.67,27,28.204,35,0.0325,197,"24,433.60",13,0.607,21,0.1545,48,"12,332.79",244,12.483,255,0,243,20245.78,63,0.111,84,0.0732,105,18240.5,48,20276.46,82,0.274,89,0.0081,166,23301.63,17,0.179,35,0.1057,79,40551,47,26061.4,13,35.373,23,0.1789,52
"304","E09000020","Kensington and Chelsea",28556.95,7,36.056,9,0.4369,10,"20,751.84",64,0.331,68,0.0971,87,"5,295.13",313,5.192,315,0,243,12503.41,211,0.08,179,0.1068,84,8196.5,126,6985.2,270,-1.243,307,0,173,13962.46,187,0.117,137,0.165,48,18502,122,28690.63,3,42.014,6,0.4078,13
"305","E09000021","Kingston upon Thames",20641.26,60,24.744,83,0.0306,200,"11,848.62",207,-0.332,205,0,201,"7,002.71",306,6.938,307,0,243,8638.4,281,0.053,282,0,209,5718.75,181,5470.76,289,-0.963,287,0,173,11391.55,236,0.078,242,0.0102,192,13293,166,20231.1,72,24.718,90,0.0204,198
"306","E09000022","Lambeth",24286.77,26,28.43,31,0.0337,195,"23,226.80",26,0.532,29,0.1348,59,"10,677.91",267,10.493,280,0,243,17311.65,118,0.093,136,0.0112,187,21179,30,18598.8,99,0.148,103,0.0225,136,20983.21,45,0.153,70,0.0449,137,48928,31,28937.77,2,44.402,3,0.4438,11
"307","E09000023","Lewisham",27807.6,13,34.751,13,0.3846,12,"21,786.68",50,0.402,57,0.0651,109,"13,445.41",223,13.911,239,0,243,19341.96,76,0.104,99,0.0296,146,20378,37,17636.21,115,0.067,120,0.0059,171,22217.2,28,0.164,50,0.0592,122,48333,33,26197,11,36.405,20,0.213,40
"308","E09000024","Merton",17907.64,128,22.234,145,0.0161,220,"15,738.49",139,-0.051,136,0.0161,181,"9,047.18",288,9.184,290,0,243,10933.53,241,0.064,238,0,209,8321.75,124,9260.79,234,-0.615,243,0,173,14087.03,184,0.1,181,0.0161,181,20586,114,23193.15,38,29.557,50,0.0403,162
"309","E09000025","Newham",32336.57,1,49.306,1,1,1,"22,834.54",29,0.497,35,0.1098,77,"17,121.36",134,17.775,186,0,243,17778.79,107,0.093,137,0.0122,185,20831.75,35,16231.92,136,-0.03,135,0.0061,170,23167.95,19,0.169,44,0.0427,142,56769,15,24540.7,25,32.471,40,0.0976,93
"310","E09000026","Redbridge",23376.2,31,27.979,36,0.0745,144,"20,354.91",71,0.295,71,0.0559,120,"11,277.83",260,11.126,270,0,243,13372.14,195,0.072,208,0.0062,206,13017.25,80,7444.13,265,-0.74,261,0,173,17685.45,110,0.121,132,0.0186,177,35863,58,20635.31,67,25.177,82,0.0186,205
"311","E09000027","Richmond upon Thames",12828.79,242,17.494,242,0,250,"15,404.28",146,-0.07,146,0.0087,197,"3,528.68",317,3.534,317,0,243,7627.27,297,0.05,291,0.0087,196,5816,177,3290.64,310,-1.373,311,0,173,8767.33,285,0.064,283,0,201,12371,179,21705.84,55,26.621,69,0,251
"312","E09000028","Southwark",26853.83,16,32.727,16,0.1867,50,"22,487.67",37,0.475,40,0.1506,52,"11,263.58",262,11.086,271,0,243,17890.86,106,0.097,123,0.006,207,20959.5,33,18240.14,107,0.112,112,0.012,156,21355.01,40,0.162,54,0.0783,102,49900,29,26080.04,12,35.982,22,0.1867,48
"313","E09000029","Sutton",18566.66,110,22.792,134,0.0083,239,"14,074.43",172,-0.174,172,0,201,"11,318.19",259,11.953,263,0.0083,238,12008.15,223,0.07,217,0.0248,154,8299.25,125,9551.49,225,-0.57,232,0,173,13312.01,199,0.095,197,0.0248,169,18870,118,17857.32,105,21.317,126,0.0083,245
"314","E09000030","Tower Hamlets",25818.11,19,30.491,24,0.0694,153,"22,835.70",28,0.509,33,0.2153,35,"15,428.02",176,16.934,201,0.0069,239,18064.19,101,0.1,114,0.0069,202,20889.5,34,19333.3,95,0.195,98,0.0139,151,23902.93,10,0.192,23,0.1528,55,56191,16,24554.12,24,33.213,36,0.1389,71
"315","E09000031","Waltham Forest",28669.29,6,36.465,7,0.4792,8,"21,961.66",46,0.406,56,0.0417,137,"16,218.85",155,16.968,199,0,243,17533.2,111,0.093,135,0.0208,160,16108,61,14437.26,161,-0.161,162,0,173,21174.56,43,0.152,72,0.0694,111,41052,46,25529.84,19,34.303,33,0.1667,55
"316","E09000032","Wandsworth",22221.17,39,26.981,47,0.095,122,"17,975.90",101,0.118,103,0.0335,152,"6,838.04",308,6.649,308,0,243,11027.84,238,0.064,241,0,209,14180,72,11755.78,193,-0.388,196,0,173,15134.72,162,0.107,167,0.0168,180,33856,65,24522.77,26,32.499,39,0.0838,107
"317","E09000033","Westminster",19435.9,83,23.114,129,0,250,"17,774.94",105,0.105,106,0.0703,102,"8,630.05",293,8.535,297,0,243,14096.2,182,0.088,160,0.1016,87,14187.5,71,9103.58,238,-0.855,272,0.0078,167,16667.53,121,0.135,101,0.1094,76,32018,73,27971.66,4,40.92,8,0.375,17
